system:index,ADM0_NAME,ADM1_NAME,ADM2_NAME,date,mean
0_00000000000000002d8e,India,Mizoram,Lunglei,2018-01-01,19.413888384538065
0_00000000000000002d90,India,Mizoram,Saiha,2018-01-01,17.469568201022472
0_00000000000000002d8c,India,Andaman and Nicobar,Andaman Islands,2018-01-01,45.15582051850974
0_00000000000000002d8d,India,Andaman and Nicobar,Nicobar Islands,2018-01-01,50.233862266931254
0_00000000000000002d8f,India,Mizoram,Lawngtlai,2018-01-01,20.483623118974183
0_00010000000000000db9,India,Goa,North Goa,2018-01-01,23.883246213966956
0_00010000000000000dba,India,Goa,South Goa,2018-01-01,25.05686175149573
0_00010000000000000dbd,India,Gujarat,Banas Kantha,2018-01-01,6.630310349472558
0_00010000000000000dc5,India,Gujarat,Mahesana,2018-01-01,7.249366842893833
0_00010000000000000dd2,India,Gujarat,Patan,2018-01-01,7.145385995182661
0_00010000000000000dd4,India,Haryana,Ambala,2018-01-01,6.2820760046194595
0_00010000000000000dd9,India,Haryana,Karnal,2018-01-01,7.1462310572919066
0_00010000000000000dda,India,Haryana,Kurukshetra,2018-01-01,6.813555207243229
0_00010000000000000ddb,India,Haryana,Mahendragarh,2018-01-01,6.762673435747962
0_00010000000000000dde,India,Haryana,Sonepat,2018-01-01,7.055772220316512
0_00010000000000000de2,India,Haryana,Kaithal,2018-01-01,7.243023872532563
0_00010000000000000de3,India,Haryana,Panchkula,2018-01-01,5.751745161247376
0_00010000000000000de4,India,Haryana,Panipat,2018-01-01,7.086974571213716
0_00010000000000000de5,India,Haryana,Rewari,2018-01-01,6.955708751909076
0_00010000000000000de6,India,Haryana,Yamuna Nagar,2018-01-01,5.83305429914877
0_00010000000000000e1f,India,Maharashtra,Bhandara,2018-01-01,12.746344509118739
0_00010000000000000e38,India,Maharashtra,Gondiya,2018-01-01,13.32431742163087
0_00010000000000000e39,India,Maharashtra,Hingoli,2018-01-01,11.834553505123264
0_00010000000000000e3e,India,Maharashtra,Parbhani,2018-01-01,12.434828300206375
0_00010000000000000e4a,India,Meghalaya,East Khasi Hills,2018-01-01,15.508679907967101
0_00010000000000000e4c,India,Meghalaya,West Garo Hills,2018-01-01,18.683738631985925
0_00010000000000000e4e,India,Meghalaya,Ri-Bhoi,2018-01-01,20.629117431618095
0_00010000000000000e4f,India,Meghalaya,South Garo Hills,2018-01-01,17.753241036367857
0_00010000000000000e50,India,Mizoram,Aizawl,2018-01-01,20.63024390044728
0_00010000000000000e51,India,Mizoram,Champhai,2018-01-01,16.527688936704823
0_00010000000000000e52,India,Mizoram,Kolasib,2018-01-01,22.674035258545647
0_00010000000000000e53,India,Mizoram,Mamit,2018-01-01,21.009868011307915
0_00010000000000000e54,India,Mizoram,Serchhip,2018-01-01,17.581112870933953
0_00010000000000000e5d,India,Orissa,Cuttack,2018-01-01,20.65667180468519
0_00010000000000000e5e,India,Orissa,Dhenkanal,2018-01-01,19.139025504210583
0_00010000000000000e5f,India,Orissa,Ganjam,2018-01-01,21.385208382289097
0_00010000000000000e60,India,Orissa,Kalahandi,2018-01-01,19.94231865137744
0_00010000000000000e62,India,Orissa,Koraput,2018-01-01,20.277108257866775
0_00010000000000000e64,India,Orissa,Puri,2018-01-01,22.4048537165336
0_00010000000000000e65,India,Orissa,Sambalpur,2018-01-01,17.177865029810448
0_00010000000000000e67,India,Orissa,Angul,2018-01-01,18.552351419755347
0_00010000000000000e68,India,Orissa,Baleshwar,2018-01-01,17.46544961391255
0_00010000000000000e69,India,Orissa,Baragarh,2018-01-01,16.676724743746554
0_00010000000000000e6a,India,Orissa,Bhadrak,2018-01-01,18.954343952701667
0_00010000000000000e6b,India,Orissa,Bolangir,2018-01-01,18.034388049604413
0_00010000000000000e6c,India,Orissa,Boudh,2018-01-01,19.222821162455148
0_00010000000000000e6d,India,Orissa,Deogarh,2018-01-01,17.193898615745166
0_00010000000000000e6e,India,Orissa,Gajapati,2018-01-01,22.09957913675138
0_00010000000000000e6f,India,Orissa,Jagatsinghpur,2018-01-01,21.33106040429543
0_00010000000000000e70,India,Orissa,Jajpur,2018-01-01,19.309754433664125
0_00010000000000000e71,India,Orissa,Jharsuguda,2018-01-01,16.051164029472567
0_00010000000000000e72,India,Orissa,Kandhamal,2018-01-01,19.37152805995707
0_00010000000000000e73,India,Orissa,Kendrapara,2018-01-01,20.56288205331515
0_00010000000000000e74,India,Orissa,Khordha,2018-01-01,21.633880765097064
0_00010000000000000e75,India,Orissa,Malkangiri,2018-01-01,23.482956228871682
0_00010000000000000e76,India,Orissa,Nabarangpur,2018-01-01,18.594407213023032
0_00010000000000000e77,India,Orissa,Nayagarh,2018-01-01,20.442023642230446
0_00010000000000000e78,India,Orissa,Nuapada,2018-01-01,17.082308638299807
0_00010000000000000e79,India,Orissa,Rayagada,2018-01-01,20.75135042051903
0_00010000000000000e7a,India,Orissa,Sonepur,2018-01-01,18.480854046746796
0_00010000000000000e7c,India,Punjab,Bathinda,2018-01-01,6.887111296565297
0_00010000000000000e7f,India,Punjab,Hoshiarpur,2018-01-01,6.776582146726649
0_00010000000000000e83,India,Punjab,Patiala,2018-01-01,7.039089384946082
0_00010000000000000e84,India,Punjab,Rupnagar,2018-01-01,6.387166074561017
0_00010000000000000e86,India,Punjab,Faridkot,2018-01-01,6.942968687937846
0_00010000000000000e87,India,Punjab,Fatehgarh Sahib,2018-01-01,7.007369913076349
0_00010000000000000e88,India,Punjab,Mansa,2018-01-01,6.871419553196184
0_00010000000000000e89,India,Punjab,Moga,2018-01-01,6.952454310206267
0_00010000000000000e8a,India,Punjab,Muktsar,2018-01-01,6.859421651226333
0_00010000000000000e8b,India,Punjab,Nawan Shehar,2018-01-01,6.818573748940023
0_00010000000000000e90,India,Rajasthan,Bharatpur,2018-01-01,7.764986275081879
0_00010000000000000e96,India,Rajasthan,Dhaulpur,2018-01-01,8.468728268208965
0_00010000000000000e99,India,Rajasthan,Jaipur,2018-01-01,6.422136192207657
0_00010000000000000e9f,India,Rajasthan,Kota,2018-01-01,7.822822476746578
0_00010000000000000ea6,India,Rajasthan,Udaipur,2018-01-01,6.154538694941897
0_00010000000000000ea7,India,Rajasthan,Baran,2018-01-01,8.020244982020015
0_00010000000000000ea8,India,Rajasthan,Dausa,2018-01-01,7.181257080194007
0_00010000000000000eab,India,Rajasthan,Rajsamand,2018-01-01,6.384531808246416
0_00010000000000000ebd,India,Tamil Nadu,Tiruchchirappalli,2018-01-01,34.109766928429906
0_00010000000000000ebf,India,Tamil Nadu,Ariyalur,2018-01-01,35.37200316069998
0_00010000000000000ec1,India,Tamil Nadu,Cuddalore,2018-01-01,35.38423739008532
0_00010000000000000ec2,India,Tamil Nadu,Kancheepuram,2018-01-01,34.13738057888863
0_00010000000000000ec3,India,Tamil Nadu,Karur,2018-01-01,35.338187509051544
0_00010000000000000ec7,India,Tamil Nadu,Perambalur,2018-01-01,32.19595516458646
0_00010000000000000ec9,India,Tamil Nadu,Thiruvallur,2018-01-01,31.9629282708068
0_00010000000000000eca,India,Tamil Nadu,Tiruvannamalai,2018-01-01,29.72811647395063
0_00010000000000000ecb,India,Tamil Nadu,Vellore,2018-01-01,26.88264819224665
0_00010000000000000ecc,India,Tamil Nadu,Villupuram,2018-01-01,32.40998779992527
0_00010000000000000ecd,India,Tripura,North Tripura,2018-01-01,21.360912110872505
0_00010000000000000ece,India,Tripura,South Tripura,2018-01-01,20.39497610573381
0_00010000000000000ed0,India,Tripura,Dhalai,2018-01-01,20.785647697390413
0_00010000000000000edd,India,West Bengal,Dakshin Dinajpur,2018-01-01,15.470560726119146
0_00010000000000000ede,India,West Bengal,East Midnapore,2018-01-01,17.699351866773775
0_00010000000000000ee2,India,West Bengal,Uttar Dinajpur,2018-01-01,15.356311416227687
0_00010000000000000ee3,India,West Bengal,West Midnapore,2018-01-01,16.590711451948987
0_00010000000000000eee,India,Bihar,Bhagalpur,2018-01-01,13.528295929742166
0_00010000000000000ef8,India,Bihar,Munger,2018-01-01,13.125868118932939
0_00010000000000000eff,India,Bihar,Rohtas,2018-01-01,10.638113682883864
0_00010000000000000f00,India,Bihar,Saharsa,2018-01-01,13.496645048451244
0_00010000000000000f03,India,Bihar,Sitamarhi,2018-01-01,12.044615861514457
0_00010000000000000f07,India,Bihar,Banka,2018-01-01,12.880463330512852
0_00010000000000000f08,India,Bihar,Bhabua,2018-01-01,10.287741531779677
0_00010000000000000f09,India,Bihar,Bhojpur,2018-01-01,11.316903180830273
0_00010000000000000f0a,India,Bihar,Buxar,2018-01-01,10.814216298617579
0_00010000000000000f0b,India,Bihar,Jamui,2018-01-01,12.656306377221979
0_00010000000000000f0d,India,Bihar,Lakhisarai,2018-01-01,12.926174882097909
0_00010000000000000f0e,India,Bihar,Sheikhpura,2018-01-01,12.70575419498296
0_00010000000000000f0f,India,Bihar,Sheohar,2018-01-01,12.35731497844757
0_00010000000000000f10,India,Bihar,Supaul,2018-01-01,13.756483828802333
0_00010000000000000f29,India,Jharkhand,Bokaro,2018-01-01,11.99708594660079
0_00010000000000000f2a,India,Jharkhand,Chatra,2018-01-01,11.974307062856962
0_00010000000000000f2c,India,Jharkhand,Dumka,2018-01-01,12.930658597881548
0_00010000000000000f2d,India,Jharkhand,Garhwa,2018-01-01,10.856183232955306
0_00010000000000000f2e,India,Jharkhand,Giridih,2018-01-01,12.091823298276324
0_00010000000000000f2f,India,Jharkhand,Gumla,2018-01-01,11.035007563020955
0_00010000000000000f30,India,Jharkhand,Hazaribag,2018-01-01,11.67669511578674
0_00010000000000000f31,India,Jharkhand,Jamtara,2018-01-01,13.078501455602872
0_00010000000000000f32,India,Jharkhand,Koderma,2018-01-01,12.233849075934014
0_00010000000000000f33,India,Jharkhand,Latehar,2018-01-01,11.564093527575576
0_00010000000000000f34,India,Jharkhand,Pakur,2018-01-01,13.437046836067918
0_00010000000000000f35,India,Jharkhand,Palamu,2018-01-01,11.422815524705078
0_00010000000000000f36,India,Jharkhand,Pashchim Singhbhum,2018-01-01,14.735117123054744
0_00010000000000000f37,India,Jharkhand,Purba Singhbhum,2018-01-01,15.522654050240751
0_00010000000000000f38,India,Jharkhand,Sahibganj,2018-01-01,13.768089883685763
0_00010000000000000f39,India,Jharkhand,Saraikela Kharsawan,2018-01-01,14.188829196392257
0_00010000000000000f3a,India,Jharkhand,Simdega,2018-01-01,12.519504413229422
0_00010000000000000f73,India,Uttar Pradesh,Bahraich,2018-01-01,7.870553922630939
0_00010000000000000f7b,India,Uttar Pradesh,Deoria,2018-01-01,10.787969917776588
0_00010000000000000f7e,India,Uttar Pradesh,Faizabad,2018-01-01,9.020864816093598
0_00010000000000000f84,India,Uttar Pradesh,Gorakhpur,2018-01-01,10.381584503381148
0_00010000000000000f85,India,Uttar Pradesh,Hamirpur,2018-01-01,9.022319157476284
0_00010000000000000f9e,India,Uttar Pradesh,Ambedkar Nagar,2018-01-01,9.379593504668494
0_00010000000000000fac,India,Uttar Pradesh,Kushinagar,2018-01-01,11.178157940968484
0_00010000000000000fad,India,Uttar Pradesh,Maharajganj,2018-01-01,10.79840221355153
0_00010000000000000fae,India,Uttar Pradesh,Mahoba,2018-01-01,8.920470382686492
0_00010000000000000fb1,India,Uttar Pradesh,Sant Ravi Das Nagar,2018-01-01,9.661926562189791
0_00010000000000000fb2,India,Uttar Pradesh,Shravasti,2018-01-01,8.40950151857668
0_00010000000000000fbd,India,Uttarakhand,Naini Tal,2018-01-01,4.000768815322259
0_00010000000000000fc0,India,Uttarakhand,Udham Singh Nagar,2018-01-01,5.074508044161261
0_00010000000000000df4,India,Karnataka,Bellary,2018-01-01,20.48969714914515
0_00010000000000000df6,India,Karnataka,Bijapur,2018-01-01,18.056208602545787
0_00010000000000000df8,India,Karnataka,Dakshin Kannad,2018-01-01,31.12982941501461
0_00010000000000000df9,India,Karnataka,Dharwad,2018-01-01,19.669620217755835
0_00010000000000000dff,India,Karnataka,Mysore,2018-01-01,25.42225394396676
0_00010000000000000e00,India,Karnataka,Raichur,2018-01-01,20.078189735903113
0_00010000000000000e01,India,Karnataka,Shimoga,2018-01-01,24.241014297654306
0_00010000000000000e04,India,Karnataka,Bagalkot,2018-01-01,18.506837975403947
0_00010000000000000e07,India,Karnataka,Chamrajnagar,2018-01-01,26.411944532689425
0_00010000000000000e08,India,Karnataka,Chitradurga,2018-01-01,21.53131078051882
0_00010000000000000e09,India,Karnataka,Davanagere,2018-01-01,21.535322177267386
0_00010000000000000e0a,India,Karnataka,Gadag,2018-01-01,19.382551957997403
0_00010000000000000e0b,India,Karnataka,Haveri,2018-01-01,21.093262279242264
0_00010000000000000e0c,India,Karnataka,Koppal,2018-01-01,19.345288694214748
0_00010000000000000e0d,India,Karnataka,Udupi,2018-01-01,29.834457249281424
0_00010000000000000e1d,India,Maharashtra,Akola,2018-01-01,10.56036540205164
0_00010000000000000e3b,India,Maharashtra,Mumbai Suburban,2018-01-01,15.426426840449661
0_00010000000000000e3c,India,Maharashtra,Mumbai city,2018-01-01,16.142773313059415
0_00010000000000000e3f,India,Maharashtra,Washim,2018-01-01,11.102098494334495
0_00010000000000000e43,India,Manipur,East Imphal,2018-01-01,15.533203737902106
0_00010000000000000e48,India,Manipur,West Imphal,2018-01-01,16.12774632883689
0_00010000000000000ea2,India,Rajasthan,Sawai Madhopur,2018-01-01,7.769949166160766
0_00010000000000000eaa,India,Rajasthan,Karauli,2018-01-01,7.979952286719758
0_00010000000000000eba,India,Tamil Nadu,Salem,2018-01-01,29.782835377336212
0_00010000000000000ebb,India,Tamil Nadu,Thanjavur,2018-01-01,37.2938946457924
0_00010000000000000ec4,India,Tamil Nadu,Madurai,2018-01-01,33.37551268349653
0_00010000000000000ec5,India,Tamil Nadu,Nagapattinam,2018-01-01,38.83092035143269
0_00010000000000000ec6,India,Tamil Nadu,Namakkal,2018-01-01,33.01007586366697
0_00010000000000000ec8,India,Tamil Nadu,Theni,2018-01-01,30.76427740752298
0_00010000000000000f70,India,Uttar Pradesh,Aligarh,2018-01-01,7.486292803595646
0_00010000000000000f71,India,Uttar Pradesh,Allahabad,2018-01-01,9.430975953211691
0_00010000000000000f75,India,Uttar Pradesh,Banda,2018-01-01,9.057696617624982
0_00010000000000000f83,India,Uttar Pradesh,Gonda,2018-01-01,9.04915832170123
0_00010000000000000f8f,India,Uttar Pradesh,Mathura,2018-01-01,7.643580896048409
0_00010000000000000f92,India,Uttar Pradesh,Moradabad,2018-01-01,6.858140133451624
0_00010000000000000f9d,India,Uttar Pradesh,Varanasi,2018-01-01,9.806240077520131
0_00010000000000000fa2,India,Uttar Pradesh,Balrampur,2018-01-01,8.69789612527604
0_00010000000000000fa3,India,Uttar Pradesh,Chandauli,2018-01-01,10.048134814414887
0_00010000000000000fa4,India,Uttar Pradesh,Chitrakoot,2018-01-01,9.19747931361663
0_00010000000000000fa7,India,Uttar Pradesh,Hathras,2018-01-01,7.717467927898933
0_00010000000000000fa8,India,Uttar Pradesh,Jyotiba Phule Nagar,2018-01-01,7.041672871465914
0_00010000000000000fab,India,Uttar Pradesh,Kaushambi,2018-01-01,9.220840835150678
0_00010000000000000dbe,India,Gujarat,Bharuch,2018-01-01,9.287318684784607
0_00010000000000000dc2,India,Gujarat,Junagadh,2018-01-01,9.252573311769707
0_00010000000000000dc4,India,Gujarat,Kheda,2018-01-01,7.95857637517274
0_00010000000000000dcc,India,Gujarat,Valsad,2018-01-01,12.214858922952384
0_00010000000000000dcd,India,Gujarat,Anand,2018-01-01,8.430077306440321
0_00010000000000000dce,India,Gujarat,Dahod,2018-01-01,7.903157101286038
0_00010000000000000dcf,India,Gujarat,Narmada,2018-01-01,9.25824268720186
0_00010000000000000dd0,India,Gujarat,Navsari,2018-01-01,11.384582848865422
0_00010000000000000dd1,India,Gujarat,Panch Mahals,2018-01-01,8.027801418766439
0_00010000000000000dd3,India,Gujarat,Porbandar,2018-01-01,9.28828776728005
0_00010000000000000dd7,India,Haryana,Hisar,2018-01-01,6.799393947872804
0_00010000000000000ddc,India,Haryana,Rohtak,2018-01-01,6.962459011226487
0_00010000000000000de0,India,Haryana,Fatehabad,2018-01-01,6.8315430999265345
0_00010000000000000de1,India,Haryana,Jhajjar,2018-01-01,6.961015001680093
0_00010000000000000e22,India,Maharashtra,Dhule,2018-01-01,9.705015007223183
0_00010000000000000e3d,India,Maharashtra,Nandurbar,2018-01-01,9.098374995370543
0_00010000000000000e55,India,Nagaland,Kohima,2018-01-01,20.69040587262799
0_00010000000000000e5c,India,Nagaland,Dimapur,2018-01-01,22.52694836384306
0_00010000000000000e98,India,Rajasthan,Ganganagar,2018-01-01,6.570060311144634
0_00010000000000000ea9,India,Rajasthan,Hanumangarh,2018-01-01,6.521838694705419
0_00010000000000000f13,India,Chhattisgarh,Bastar,2018-01-01,18.39757965648819
0_00010000000000000f14,India,Chhattisgarh,Bilaspur,2018-01-01,11.279156446478453
0_00010000000000000f15,India,Chhattisgarh,Dantewada,2018-01-01,21.928078583227936
0_00010000000000000f16,India,Chhattisgarh,Dhamtari,2018-01-01,16.22061517943774
0_00010000000000000f17,India,Chhattisgarh,Janjgir-Champa,2018-01-01,14.349875764177671
0_00010000000000000f18,India,Chhattisgarh,Jashpur,2018-01-01,11.116822786456671
0_00010000000000000f19,India,Chhattisgarh,Kanker,2018-01-01,16.381548985223603
0_00010000000000000f1a,India,Chhattisgarh,Kawardha,2018-01-01,10.63052820974378
0_00010000000000000f1b,India,Chhattisgarh,Korba,2018-01-01,11.810990313341453
0_00010000000000000f1c,India,Chhattisgarh,Koriya,2018-01-01,9.773617767529784
0_00010000000000000f1d,India,Chhattisgarh,Mahasamund,2018-01-01,16.023781103573075
0_00010000000000000f1e,India,Chhattisgarh,Raipur,2018-01-01,15.755702808819239
0_00010000000000000f1f,India,Chhattisgarh,Raj Nandgaon,2018-01-01,13.74118285827896
0_00010000000000000f20,India,Chhattisgarh,Surguja,2018-01-01,10.663719792185647
0_00010000000000000f48,India,Madhya Pradesh,Hoshangabad,2018-01-01,8.558919992264551
0_00010000000000000f4a,India,Madhya Pradesh,Jabalpur,2018-01-01,9.11776550518304
0_00010000000000000f4c,India,Madhya Pradesh,Mandla,2018-01-01,9.564549063537376
0_00010000000000000f4d,India,Madhya Pradesh,Mandsaur,2018-01-01,6.984880135063537
0_00010000000000000f4e,India,Madhya Pradesh,Morena,2018-01-01,8.624129479220146
0_00010000000000000f52,India,Madhya Pradesh,Rajgarh,2018-01-01,7.509888213207882
0_00010000000000000f60,India,Madhya Pradesh,West Nimar,2018-01-01,8.400713785422111
0_00010000000000000f63,India,Madhya Pradesh,Barwani,2018-01-01,8.549699653164431
0_00010000000000000f65,India,Madhya Pradesh,Dindori,2018-01-01,9.226032227594072
0_00010000000000000f66,India,Madhya Pradesh,Harda,2018-01-01,8.598990517036828
0_00010000000000000f67,India,Madhya Pradesh,Katni,2018-01-01,8.937282594191919
0_00010000000000000f68,India,Madhya Pradesh,Neemuch,2018-01-01,6.9543908380641835
0_00010000000000000f69,India,Madhya Pradesh,Sheopur,2018-01-01,8.182534630953176
0_00010000000000000f6a,India,Madhya Pradesh,Umaria,2018-01-01,9.286545334004197
0_00010000000000000f78,India,Uttar Pradesh,Basti,2018-01-01,9.578987484796983
0_00010000000000000f7a,India,Uttar Pradesh,Bulandshahr,2018-01-01,7.274120807336124
0_00010000000000000f7d,India,Uttar Pradesh,Etawah,2018-01-01,8.474100657071062
0_00010000000000000f7f,India,Uttar Pradesh,Farrukhabad,2018-01-01,7.823108041622833
0_00010000000000000f90,India,Uttar Pradesh,Meerut,2018-01-01,7.0113811933705605
0_00010000000000000f9f,India,Uttar Pradesh,Auraiya,2018-01-01,8.515511599135502
0_00010000000000000fa1,India,Uttar Pradesh,Baghpat,2018-01-01,7.057945059941419
0_00010000000000000fa6,India,Uttar Pradesh,Gautam Buddha Nagar,2018-01-01,7.139096626649584
0_00010000000000000fa9,India,Uttar Pradesh,Kannauj,2018-01-01,8.141753912586466
0_00010000000000000fb0,India,Uttar Pradesh,Sant Kabir Nagar,2018-01-01,10.16170683813698
0_00010000000000000fb7,India,Uttarakhand,Pithoragarh,2018-01-01,1.198169279721389
0_00010000000000000fb8,India,Uttarakhand,Almora,2018-01-01,2.609845174431044
0_00010000000000000fb9,India,Uttarakhand,Bageshwar,2018-01-01,1.6695421599992926
0_00010000000000000fba,India,Uttarakhand,Chamoli,2018-01-01,1.2269971051540185
0_00010000000000000fbb,India,Uttarakhand,Champawat,2018-01-01,3.1392227325834194
0_00010000000000000fbe,India,Uttarakhand,Rudra Prayag,2018-01-01,1.22364013294847
0_00010000000000000f45,India,Madhya Pradesh,East Nimar,2018-01-01,8.726250471999101
0_00010000000000000f46,India,Madhya Pradesh,Guna,2018-01-01,7.612761197370208
0_00010000000000000f59,India,Madhya Pradesh,Shahdol,2018-01-01,9.466720444477254
0_00010000000000000f61,India,Madhya Pradesh,Anuppur,2018-01-01,9.638343180179758
0_00010000000000000f62,India,Madhya Pradesh,Ashoknagar,2018-01-01,7.483088415029254
0_00010000000000000f64,India,Madhya Pradesh,Burhanpur,2018-01-01,9.259422910816546
0_00010000000000000d8a,India,Andhra Pradesh,Adilabad,2018-01-01,16.19807075458941
0_00010000000000000d8b,India,Andhra Pradesh,Anantapur,2018-01-01,22.780480200201808
0_00010000000000000d8c,India,Andhra Pradesh,Chittoor,2018-01-01,25.583526828308212
0_00010000000000000d8d,India,Andhra Pradesh,Cuddapah,2018-01-01,26.453901333347666
0_00010000000000000d8e,India,Andhra Pradesh,East Godavari,2018-01-01,28.068886591936366
0_00010000000000000d8f,India,Andhra Pradesh,Guntur,2018-01-01,28.731364972518044
0_00010000000000000d90,India,Andhra Pradesh,Hyderabad,2018-01-01,19.871989704411952
0_00010000000000000d91,India,Andhra Pradesh,Karimnagar,2018-01-01,19.418186254439846
0_00010000000000000d92,India,Andhra Pradesh,Khammam,2018-01-01,25.447408244832005
0_00010000000000000d93,India,Andhra Pradesh,Krishna,2018-01-01,29.688429422463468
0_00010000000000000d94,India,Andhra Pradesh,Kurnool,2018-01-01,23.043983430611338
0_00010000000000000d95,India,Andhra Pradesh,Mahbubnagar,2018-01-01,21.413520738620893
0_00010000000000000d96,India,Andhra Pradesh,Medak,2018-01-01,18.771398845041023
0_00010000000000000d97,India,Andhra Pradesh,Nalgonda,2018-01-01,23.417556572357416
0_00010000000000000d98,India,Andhra Pradesh,Nellore,2018-01-01,30.80311640532533
0_00010000000000000d99,India,Andhra Pradesh,Nizamabad,2018-01-01,17.31838239640378
0_00010000000000000d9a,India,Andhra Pradesh,Prakasam,2018-01-01,27.310507520121106
0_00010000000000000d9b,India,Andhra Pradesh,Rangareddi,2018-01-01,19.69560936003483
0_00010000000000000d9c,India,Andhra Pradesh,Srikakulam,2018-01-01,25.352983559900746
0_00010000000000000d9d,India,Andhra Pradesh,Vishakhapatnam,2018-01-01,22.930116205533835
0_00010000000000000d9e,India,Andhra Pradesh,Vizianagaram,2018-01-01,22.397919587988547
0_00010000000000000d9f,India,Andhra Pradesh,Warangal,2018-01-01,22.331396607111156
0_00010000000000000da0,India,Andhra Pradesh,West Godavari,2018-01-01,29.31341683461037
0_00010000000000000da1,India,Assam,Barpeta,2018-01-01,17.528323503386602
0_00010000000000000da2,India,Assam,Cachar,2018-01-01,18.465988031083697
0_00010000000000000da3,India,Assam,Darrang,2018-01-01,15.669482344272614
0_00010000000000000da4,India,Assam,Dhuburi,2018-01-01,17.72738130812544
0_00010000000000000da5,India,Assam,Dibrugarh,2018-01-01,21.703599883503347
0_00010000000000000da6,India,Assam,Goalpara,2018-01-01,19.281613135318896
0_00010000000000000da7,India,Assam,Golaghat,2018-01-01,20.392419322861468
0_00010000000000000da8,India,Assam,Kamrup,2018-01-01,21.11865402779146
0_00010000000000000da9,India,Assam,Karbi Anglong,2018-01-01,22.213478612490952
0_00010000000000000daa,India,Assam,Karimganj,2018-01-01,19.11918829184238
0_00010000000000000dab,India,Assam,Nagaon,2018-01-01,21.821345175753272
0_00010000000000000dac,India,Assam,Nalbari,2018-01-01,16.65515614585945
0_00010000000000000dad,India,Assam,North Cachar Hills,2018-01-01,19.869868257741217
0_00010000000000000dae,India,Assam,Sibsagar,2018-01-01,23.232985345072606
0_00010000000000000daf,India,Assam,Sonitpur,2018-01-01,15.585444254035943
0_00010000000000000db0,India,Assam,Bongaigaon,2018-01-01,15.35996603730278
0_00010000000000000db1,India,Assam,Dhemaji,2018-01-01,18.025238368738187
0_00010000000000000db2,India,Assam,Hailakandi,2018-01-01,20.434228667443488
0_00010000000000000db3,India,Assam,Jorhat,2018-01-01,21.721021337998483
0_00010000000000000db4,India,Assam,Kokrajhar,2018-01-01,11.943554051999644
0_00010000000000000db5,India,Assam,Lakhimpur,2018-01-01,16.848246086423142
0_00010000000000000db6,India,Assam,Marigaon,2018-01-01,22.20587592587335
0_00010000000000000db7,India,Assam,Tinsukia,2018-01-01,19.891378735280377
0_00010000000000000db8,India,Delhi,Delhi,2018-01-01,6.999888446018212
0_00010000000000000dbb,India,Gujarat,Ahmadabad,2018-01-01,7.961786820869211
0_00010000000000000dbc,India,Gujarat,Amreli,2018-01-01,8.699510388701798
0_00010000000000000dbf,India,Gujarat,Bhavnagar,2018-01-01,8.678754487521164
0_00010000000000000dc0,India,Gujarat,Gandhinagar,2018-01-01,7.597395516342381
0_00010000000000000dc1,India,Gujarat,Jamnagar,2018-01-01,8.869066033323751
0_00010000000000000dc3,India,Gujarat,Kachchh,2018-01-01,7.617481494094029
0_00010000000000000dc6,India,Gujarat,Rajkot,2018-01-01,8.253883496290744
0_00010000000000000dc7,India,Gujarat,Sabar Kantha,2018-01-01,6.959196929960815
0_00010000000000000dc8,India,Gujarat,Surat,2018-01-01,10.28644380953868
0_00010000000000000dc9,India,Gujarat,Surendranagar,2018-01-01,7.934463528748456
0_00010000000000000dca,India,Gujarat,The Dangs,2018-01-01,10.799773178370918
0_00010000000000000dcb,India,Gujarat,Vadodara,2018-01-01,8.538448761320447
0_00010000000000000dd5,India,Haryana,Bhiwani,2018-01-01,6.805448692930687
0_00010000000000000dd6,India,Haryana,Gurgaon,2018-01-01,7.072825137886577
0_00010000000000000dd8,India,Haryana,Jind,2018-01-01,7.046537490430387
0_00010000000000000ddd,India,Haryana,Sirsa,2018-01-01,6.6586288142277565
0_00010000000000000ddf,India,Haryana,Faridabad,2018-01-01,7.122255807384362
0_00010000000000000de7,India,Himachal Pradesh,Bilaspur,2018-01-01,5.341508311267482
0_00010000000000000de8,India,Himachal Pradesh,Chamba,2018-01-01,2.54409941703199
0_00010000000000000de9,India,Himachal Pradesh,Hamirpur,2018-01-01,4.714063146806036
0_00010000000000000dea,India,Himachal Pradesh,Kangra,2018-01-01,4.262251176629737
0_00010000000000000deb,India,Himachal Pradesh,Kinnaur,2018-01-01,1.0939400679586821
0_00010000000000000dec,India,Himachal Pradesh,Kullu,2018-01-01,1.5208840902007226
0_00010000000000000ded,India,Himachal Pradesh,Lahul and Spiti,2018-01-01,0.9997843617026594
0_00010000000000000dee,India,Himachal Pradesh,Mandi,2018-01-01,3.2744325880592595
0_00010000000000000def,India,Himachal Pradesh,Shimla,2018-01-01,2.465430542563855
0_00010000000000000df0,India,Himachal Pradesh,Sirmaur,2018-01-01,4.223687937056522
0_00010000000000000df1,India,Himachal Pradesh,Solan,2018-01-01,5.2432386709006105
0_00010000000000000df2,India,Himachal Pradesh,Una,2018-01-01,6.099742245043985
0_00010000000000000df3,India,Karnataka,Belgaum,2018-01-01,18.848961590214333
0_00010000000000000df5,India,Karnataka,Bidar,2018-01-01,16.348112243557193
0_00010000000000000df7,India,Karnataka,Chikmagalur,2018-01-01,24.190335133359213
0_00010000000000000dfa,India,Karnataka,Gulbarga,2018-01-01,18.647791539530775
0_00010000000000000dfb,India,Karnataka,Hassan,2018-01-01,23.33968812491875
0_00010000000000000dfc,India,Karnataka,Kodagu,2018-01-01,29.144162271421557
0_00010000000000000dfd,India,Karnataka,Kolar,2018-01-01,22.28348991305279
0_00010000000000000dfe,India,Karnataka,Mandya,2018-01-01,24.354699239475387
0_00010000000000000e02,India,Karnataka,Tumkur,2018-01-01,22.38508899796703
0_00010000000000000e03,India,Karnataka,Uttar Kannand,2018-01-01,24.19618779698889
0_00010000000000000e05,India,Karnataka,Bangalore Rural,2018-01-01,23.901804991145962
0_00010000000000000e06,India,Karnataka,Bangalore Urban,2018-01-01,23.170403321019876
0_00010000000000000e0e,India,Kerala,Kannur,2018-01-01,34.46159631922398
0_00010000000000000e0f,India,Kerala,Ernakulam,2018-01-01,39.13683696178261
0_00010000000000000e10,India,Kerala,Idukki,2018-01-01,34.33666413912613
0_00010000000000000e11,India,Kerala,Kasaragod,2018-01-01,34.31714562500146
0_00010000000000000e12,India,Kerala,Kottayam,2018-01-01,40.17369567419798
0_00010000000000000e13,India,Kerala,Kozhikode,2018-01-01,35.960001385170514
0_00010000000000000e14,India,Kerala,Malappuram,2018-01-01,34.70277455855403
0_00010000000000000e15,India,Kerala,Palakkad,2018-01-01,33.40207196872532
0_00010000000000000e16,India,Kerala,Pattanamtitta,2018-01-01,38.43435033485773
0_00010000000000000e17,India,Kerala,Kollam,2018-01-01,40.60288198802649
0_00010000000000000e18,India,Kerala,Thrissur,2018-01-01,38.62064460930564
0_00010000000000000e19,India,Kerala,Thiruvananthapuram,2018-01-01,40.76080496454568
0_00010000000000000e1a,India,Kerala,Wayanad,2018-01-01,29.905803581902646
0_00010000000000000e1b,India,Kerala,Alappuzha,2018-01-01,41.544874866776794
0_00010000000000000e1c,India,Lakshadweep,Kavaratti,2018-01-01,35.52843337812034
0_00010000000000000e1e,India,Maharashtra,Amravati,2018-01-01,10.032840158080417
0_00010000000000000e20,India,Maharashtra,Buldana,2018-01-01,10.163668523067312
0_00010000000000000e21,India,Maharashtra,Chandrapur,2018-01-01,14.885005431768743
0_00010000000000000e23,India,Maharashtra,Garhchiroli,2018-01-01,17.460457584409706
0_00010000000000000e24,India,Maharashtra,Jalgaon,2018-01-01,9.85168013142069
0_00010000000000000e25,India,Maharashtra,Kolhapur,2018-01-01,19.552512606159365
0_00010000000000000e26,India,Maharashtra,Latur,2018-01-01,14.435123514233764
0_00010000000000000e27,India,Maharashtra,Nagpur,2018-01-01,11.410615923035554
0_00010000000000000e28,India,Maharashtra,Nanded,2018-01-01,14.287893181103723
0_00010000000000000e29,India,Maharashtra,Nashik,2018-01-01,10.429341148830268
0_00010000000000000e2a,India,Maharashtra,Osmanabad,2018-01-01,14.39938801856415
0_00010000000000000e2b,India,Maharashtra,Pune,2018-01-01,13.714186435653724
0_00010000000000000e2c,India,Maharashtra,Raigarh,2018-01-01,16.626530918747104
0_00010000000000000e2d,India,Maharashtra,Ratnagiri,2018-01-01,20.332981117068165
0_00010000000000000e2e,India,Maharashtra,Sindhudurg,2018-01-01,23.104056559909992
0_00010000000000000e2f,India,Maharashtra,Sangli,2018-01-01,16.70569742925839
0_00010000000000000e30,India,Maharashtra,Satara,2018-01-01,15.864548472602946
0_00010000000000000e31,India,Maharashtra,Solapur,2018-01-01,15.616865868906949
0_00010000000000000e32,India,Maharashtra,Thane,2018-01-01,13.760441652414269
0_00010000000000000e33,India,Maharashtra,Wardha,2018-01-01,11.79286931842574
0_00010000000000000e34,India,Maharashtra,Yavatmal,2018-01-01,12.686158540269895
0_00010000000000000e35,India,Maharashtra,Aurangabad,2018-01-01,10.374665753423983
0_00010000000000000e36,India,Maharashtra,Ahmednagar,2018-01-01,11.548298460010136
0_00010000000000000e37,India,Maharashtra,Bid,2018-01-01,12.527347420902771
0_00010000000000000e3a,India,Maharashtra,Jalna,2018-01-01,10.545284461441938
0_00010000000000000e40,India,Manipur,Bishnupur,2018-01-01,16.39391120784027
0_00010000000000000e41,India,Manipur,Chandel,2018-01-01,16.64677231086834
0_00010000000000000e42,India,Manipur,Churachandpur,2018-01-01,19.35917021464563
0_00010000000000000e44,India,Manipur,Senapati,2018-01-01,15.764397238690812
0_00010000000000000e45,India,Manipur,Tamenglong,2018-01-01,18.266296315990672
0_00010000000000000e46,India,Manipur,Thoubal,2018-01-01,15.447237918845588
0_00010000000000000e47,India,Manipur,Ukhrul,2018-01-01,13.500924404657836
0_00010000000000000e49,India,Meghalaya,East Garo Hills,2018-01-01,19.72400410515581
0_00010000000000000e4b,India,Meghalaya,Jaintia Hills,2018-01-01,16.080156170633213
0_00010000000000000e4d,India,Meghalaya,West Khasi Hills,2018-01-01,18.673839887372687
0_00010000000000000e56,India,Nagaland,Mokokchung,2018-01-01,23.216395750636973
0_00010000000000000e57,India,Nagaland,Mon,2018-01-01,23.269223824759614
0_00010000000000000e58,India,Nagaland,Phek,2018-01-01,17.2343644780776
0_00010000000000000e59,India,Nagaland,Tuensang,2018-01-01,19.012629659000588
0_00010000000000000e5a,India,Nagaland,Wokha,2018-01-01,23.69725952291841
0_00010000000000000e5b,India,Nagaland,Zunheboto,2018-01-01,20.37739565035384
0_00010000000000000e61,India,Orissa,Keonjhar,2018-01-01,16.228038590314355
0_00010000000000000e63,India,Orissa,Mayurbhanj,2018-01-01,15.868385354751721
0_00010000000000000e66,India,Orissa,Sundargarh,2018-01-01,15.240959091701539
0_00010000000000000e7b,India,Punjab,Amritsar,2018-01-01,6.762191249439368
0_00010000000000000e7d,India,Punjab,Firozpur,2018-01-01,6.874532432008471
0_00010000000000000e7e,India,Punjab,Gurdaspur,2018-01-01,6.444186097882888
0_00010000000000000e80,India,Punjab,Jalandhar,2018-01-01,6.978134973753709
0_00010000000000000e81,India,Punjab,Kapurthala,2018-01-01,6.872442825983636
0_00010000000000000e82,India,Punjab,Ludhiana,2018-01-01,7.028389946495817
0_00010000000000000e85,India,Punjab,Sangrur,2018-01-01,7.07375568725334
0_00010000000000000e8c,India,Rajasthan,Ajmer,2018-01-01,6.458704969736298
0_00010000000000000e8d,India,Rajasthan,Alwar,2018-01-01,6.862525501617671
0_00010000000000000e8e,India,Rajasthan,Banswara,2018-01-01,7.427125515976594
0_00010000000000000e8f,India,Rajasthan,Barmer,2018-01-01,5.78004234518323
0_00010000000000000e91,India,Rajasthan,Bhilwara,2018-01-01,6.7657214999234405
0_00010000000000000e92,India,Rajasthan,Bikaner,2018-01-01,6.213523506606976
0_00010000000000000e93,India,Rajasthan,Bundi,2018-01-01,7.640958211738829
0_00010000000000000e94,India,Rajasthan,Chittaurgarh,2018-01-01,6.790099513999443
0_00010000000000000e95,India,Rajasthan,Churu,2018-01-01,6.177361919304061
0_00010000000000000e97,India,Rajasthan,Dungarpur,2018-01-01,6.882174358243593
0_00010000000000000e9a,India,Rajasthan,Jaisalmer,2018-01-01,6.446840236424894
0_00010000000000000e9b,India,Rajasthan,Jalor,2018-01-01,6.368261699376921
0_00010000000000000e9c,India,Rajasthan,Jhalawar,2018-01-01,7.513961696292605
0_00010000000000000e9d,India,Rajasthan,Jhunjhunun,2018-01-01,6.406475476455723
0_00010000000000000e9e,India,Rajasthan,Jodhpur,2018-01-01,5.732462197408005
0_00010000000000000ea0,India,Rajasthan,Nagaur,2018-01-01,5.851893452950285
0_00010000000000000ea1,India,Rajasthan,Pali,2018-01-01,6.50726083113753
0_00010000000000000ea3,India,Rajasthan,Sikar,2018-01-01,6.109594515584449
0_00010000000000000ea4,India,Rajasthan,Sirohi,2018-01-01,6.478408571296022
0_00010000000000000ea5,India,Rajasthan,Tonk,2018-01-01,7.199037102665883
0_00010000000000000eac,India,Sikkim,East,2018-01-01,1.988455285159954
0_00010000000000000ead,India,Sikkim,North Sikkim,2018-01-01,1.0151399517080415
0_00010000000000000eae,India,Sikkim,South Sikkim,2018-01-01,1.7808954944768538
0_00010000000000000eaf,India,Sikkim,West Sikkim,2018-01-01,1.6628401704507678
0_00010000000000000eb0,India,Tamil Nadu,Thoothukudi,2018-01-01,39.58469683544649
0_00010000000000000eb1,India,Tamil Nadu,Coimbatore,2018-01-01,30.425830141299002
0_00010000000000000eb2,India,Tamil Nadu,Dharmapuri,2018-01-01,26.25332390571705
0_00010000000000000eb3,India,Tamil Nadu,Virudhunagar,2018-01-01,35.233069497814505
0_00010000000000000eb4,India,Tamil Nadu,Kanniyakumari,2018-01-01,40.92811047179912
0_00010000000000000eb5,India,Tamil Nadu,Nilgiris,2018-01-01,26.664886352254086
0_00010000000000000eb6,India,Tamil Nadu,Erode,2018-01-01,30.106181077869696
0_00010000000000000eb7,India,Tamil Nadu,Pudukkottai,2018-01-01,36.790926861477715
0_00010000000000000eb8,India,Tamil Nadu,Dindigul,2018-01-01,33.0423697979071
0_00010000000000000eb9,India,Tamil Nadu,Ramanathapuram,2018-01-01,40.24294123163627
0_00010000000000000ebc,India,Tamil Nadu,Sivaganga,2018-01-01,37.351669343162506
0_00010000000000000ebe,India,Tamil Nadu,Tirunelveli Kattabo,2018-01-01,37.67779317851223
0_00010000000000000ec0,India,Tamil Nadu,Chennai,2018-01-01,34.90047354360613
0_00010000000000000ecf,India,Tripura,West Tripura,2018-01-01,20.307115104062625
0_00010000000000000ed1,India,West Bengal,Bankura,2018-01-01,15.126581954697725
0_00010000000000000ed2,India,West Bengal,Barddhaman,2018-01-01,15.414333455607686
0_00010000000000000ed3,India,West Bengal,Birbhum,2018-01-01,14.208520179898969
0_00010000000000000ed4,India,West Bengal,Darjiling,2018-01-01,5.470603318869381
0_00010000000000000ed5,India,West Bengal,Haora,2018-01-01,17.16789267745921
0_00010000000000000ed6,India,West Bengal,Hugli,2018-01-01,16.782882930588656
0_00010000000000000ed7,India,West Bengal,Jalpaiguri,2018-01-01,9.260074191982415
0_00010000000000000ed8,India,West Bengal,Kochbihar,2018-01-01,16.576189320727778
0_00010000000000000ed9,India,West Bengal,Maldah,2018-01-01,14.572278681259055
0_00010000000000000eda,India,West Bengal,Murshidabad,2018-01-01,14.959045370876613
0_00010000000000000edb,India,West Bengal,Nadia,2018-01-01,16.416329602549897
0_00010000000000000edc,India,West Bengal,Puruliya,2018-01-01,13.75853983960305
0_00010000000000000edf,India,West Bengal,Kolkata,2018-01-01,17.075658746769275
0_00010000000000000ee0,India,West Bengal,North 24 Parganas,2018-01-01,17.6654941465531
0_00010000000000000ee1,India,West Bengal,South 24 Parganas,2018-01-01,17.895230037630952
0_00010000000000000ee4,India,Arunachal Pradesh,East Siang,2018-01-01,15.859931490715063
0_00010000000000000ee5,India,Arunachal Pradesh,Lohit,2018-01-01,11.6990885359338
0_00010000000000000ee6,India,Arunachal Pradesh,Lower Subansiri,2018-01-01,13.791651794399954
0_00010000000000000ee7,India,Arunachal Pradesh,Tirap,2018-01-01,22.590471124731632
0_00010000000000000ee8,India,Arunachal Pradesh,West Siang,2018-01-01,16.258220288758928
0_00010000000000000ee9,India,Arunachal Pradesh,Changlang,2018-01-01,15.613831282113836
0_00010000000000000eea,India,Arunachal Pradesh,Lower Dibang Valley,2018-01-01,11.850627406523785
0_00010000000000000eeb,India,Arunachal Pradesh,Papum Pare,2018-01-01,16.756278125552992
0_00010000000000000eec,India,Bihar,Aurangabad,2018-01-01,11.227634154620594
0_00010000000000000eed,India,Bihar,Begusarai,2018-01-01,12.987067038164072
0_00010000000000000eef,India,Bihar,Darbhanga,2018-01-01,13.079888097856719
0_00010000000000000ef0,India,Bihar,Gaya,2018-01-01,11.988725804855541
0_00010000000000000ef1,India,Bihar,Gopalganj,2018-01-01,11.5506986831572
0_00010000000000000ef2,India,Bihar,Jehanabad,2018-01-01,11.705508686886827
0_00010000000000000ef3,India,Bihar,Katihar,2018-01-01,14.68073185567505
0_00010000000000000ef4,India,Bihar,Khagaria,2018-01-01,13.33061257067002
0_00010000000000000ef5,India,Bihar,Madhubani,2018-01-01,12.740276446260621
0_00010000000000000ef6,India,Bihar,Madhepura,2018-01-01,13.747378237167254
0_00010000000000000ef7,India,Bihar,Muzaffarpur,2018-01-01,12.553914428439953
0_00010000000000000ef9,India,Bihar,Nalanda,2018-01-01,12.369956598737334
0_00010000000000000efa,India,Bihar,Nawada,2018-01-01,12.544382170813957
0_00010000000000000efb,India,Bihar,Pashchim Champaran,2018-01-01,11.310737570769144
0_00010000000000000efc,India,Bihar,Patna,2018-01-01,12.113785821849557
0_00010000000000000efd,India,Bihar,Purba Champaran,2018-01-01,12.133087778612683
0_00010000000000000efe,India,Bihar,Purnia,2018-01-01,14.600906387021666
0_00010000000000000f01,India,Bihar,Samastipur,2018-01-01,12.891944009393093
0_00010000000000000f02,India,Bihar,Saran,2018-01-01,11.848195454880736
0_00010000000000000f04,India,Bihar,Siwan,2018-01-01,11.458720137818766
0_00010000000000000f05,India,Bihar,Vaishali,2018-01-01,12.383753620901759
0_00010000000000000f06,India,Bihar,Araria,2018-01-01,14.16467531761393
0_00010000000000000f0c,India,Bihar,Kishanganj,2018-01-01,14.41255816273262
0_00010000000000000f11,India,Chandigarh,Chandigarh,2018-01-01,6.3085527420043945
0_00010000000000000f12,India,Chhattisgarh,Durg,2018-01-01,14.217111509099498
0_00010000000000000f21,India,Chhattisgarh,Raigarh,2018-01-01,13.877457613227751
0_00010000000000000f22,India,Dadra and Nagar Haveli,Dadra and Nagar Haveli,2018-01-01,12.46697978382963
0_00010000000000000f23,India,Daman and Diu,Daman,2018-01-01,12.864473342895508
0_00010000000000000f24,India,Daman and Diu,Junagadh,2018-01-01,10.182894706726074
0_00010000000000000f25,India,Jharkhand,Deoghar,2018-01-01,12.349228345994403
0_00010000000000000f26,India,Jharkhand,Godda,2018-01-01,13.179674297562375
0_00010000000000000f27,India,Jharkhand,Lohardaga,2018-01-01,11.125766492318153
0_00010000000000000f28,India,Jharkhand,Ranchi,2018-01-01,11.90132009399433
0_00010000000000000f2b,India,Jharkhand,Dhanbad,2018-01-01,12.697464167550917
0_00010000000000000f3b,India,Madhya Pradesh,Balaghat,2018-01-01,10.817846376166191
0_00010000000000000f3c,India,Madhya Pradesh,Betul,2018-01-01,8.876286488593824
0_00010000000000000f3d,India,Madhya Pradesh,Bhind,2018-01-01,8.8047073715173
0_00010000000000000f3e,India,Madhya Pradesh,Bhopal,2018-01-01,7.39132387787747
0_00010000000000000f3f,India,Madhya Pradesh,Chhatarpur,2018-01-01,8.591164432118802
0_00010000000000000f40,India,Madhya Pradesh,Chhindwara,2018-01-01,8.786991383840709
0_00010000000000000f41,India,Madhya Pradesh,Damoh,2018-01-01,8.424900797339637
0_00010000000000000f42,India,Madhya Pradesh,Datia,2018-01-01,8.856967413493372
0_00010000000000000f43,India,Madhya Pradesh,Dewas,2018-01-01,7.39967355919094
0_00010000000000000f44,India,Madhya Pradesh,Dhar,2018-01-01,7.533124014015744
0_00010000000000000f47,India,Madhya Pradesh,Gwalior,2018-01-01,8.711850017480025
0_00010000000000000f49,India,Madhya Pradesh,Indore,2018-01-01,7.149887447228275
0_00010000000000000f4b,India,Madhya Pradesh,Jhabua,2018-01-01,7.821516466799001
0_00010000000000000f4f,India,Madhya Pradesh,Narsinghpur,2018-01-01,8.82422450211389
0_00010000000000000f50,India,Madhya Pradesh,Panna,2018-01-01,8.638397813127417
0_00010000000000000f51,India,Madhya Pradesh,Raisen,2018-01-01,7.865564896345622
0_00010000000000000f53,India,Madhya Pradesh,Ratlam,2018-01-01,7.0929375431609
0_00010000000000000f54,India,Madhya Pradesh,Rewa,2018-01-01,9.327574271270793
0_00010000000000000f55,India,Madhya Pradesh,Sagar,2018-01-01,7.886496196076284
0_00010000000000000f56,India,Madhya Pradesh,Satna,2018-01-01,8.876586670316065
0_00010000000000000f57,India,Madhya Pradesh,Sehore,2018-01-01,7.586790455049678
0_00010000000000000f58,India,Madhya Pradesh,Seoni,2018-01-01,9.279052788493061
0_00010000000000000f5a,India,Madhya Pradesh,Shajapur,2018-01-01,7.30727552274548
0_00010000000000000f5b,India,Madhya Pradesh,Shivpuri,2018-01-01,7.987890079711416
0_00010000000000000f5c,India,Madhya Pradesh,Sidhi,2018-01-01,9.649979691840956
0_00010000000000000f5d,India,Madhya Pradesh,Tikamgarh,2018-01-01,8.42444756266321
0_00010000000000000f5e,India,Madhya Pradesh,Ujjain,2018-01-01,7.050054435202273
0_00010000000000000f5f,India,Madhya Pradesh,Vidisha,2018-01-01,7.461193407946574
0_00010000000000000f6b,India,Puducherry,Karaikal,2018-01-01,39.40262985229492
0_00010000000000000f6c,India,Puducherry,Mahe,2018-01-01,35.33879983766976
0_00010000000000000f6d,India,Puducherry,Puducherry,2018-01-01,36.269586273104075
0_00010000000000000f6e,India,Puducherry,Yanam,2018-01-01,31.677631378173828
0_00010000000000000f6f,India,Uttar Pradesh,Agra,2018-01-01,8.30137257798442
0_00010000000000000f72,India,Uttar Pradesh,Azamgarh,2018-01-01,9.644475584446425
0_00010000000000000f74,India,Uttar Pradesh,Ballia,2018-01-01,10.851475516643601
0_00010000000000000f76,India,Uttar Pradesh,Bara Banki,2018-01-01,8.487558384547704
0_00010000000000000f77,India,Uttar Pradesh,Bareilly,2018-01-01,6.81669369790344
0_00010000000000000f79,India,Uttar Pradesh,Bijnor,2018-01-01,6.1503113732115136
0_00010000000000000f7c,India,Uttar Pradesh,Etah,2018-01-01,7.708320597435966
0_00010000000000000f80,India,Uttar Pradesh,Fatehpur,2018-01-01,8.955978330125758
0_00010000000000000f81,India,Uttar Pradesh,Ghaziabad,2018-01-01,7.099811415776219
0_00010000000000000f82,India,Uttar Pradesh,Ghazipur,2018-01-01,10.15624091064815
0_00010000000000000f86,India,Uttar Pradesh,Hardoi,2018-01-01,7.855866364767436
0_00010000000000000f87,India,Uttar Pradesh,Jalaun,2018-01-01,8.929178603480517
0_00010000000000000f88,India,Uttar Pradesh,Jaunpur,2018-01-01,9.353755505260729
0_00010000000000000f89,India,Uttar Pradesh,Jhansi,2018-01-01,8.786506518708554
0_00010000000000000f8a,India,Uttar Pradesh,Kanpur,2018-01-01,8.74572074488783
0_00010000000000000f8b,India,Uttar Pradesh,Lakhimpur Kheri,2018-01-01,6.923363074326594
0_00010000000000000f8c,India,Uttar Pradesh,Lalitpur,2018-01-01,7.926805698356162
0_00010000000000000f8d,India,Uttar Pradesh,Lucknow,2018-01-01,8.317690867052784
0_00010000000000000f8e,India,Uttar Pradesh,Mainpuri,2018-01-01,7.972810418502371
0_00010000000000000f91,India,Uttar Pradesh,Mirzapur,2018-01-01,9.78306639146599
0_00010000000000000f93,India,Uttar Pradesh,Muzaffarnagar,2018-01-01,6.8763333152257475
0_00010000000000000f94,India,Uttar Pradesh,Pilibhit,2018-01-01,5.853695723832019
0_00010000000000000f95,India,Uttar Pradesh,Pratapgarh,2018-01-01,9.082083521995989
0_00010000000000000f96,India,Uttar Pradesh,Rae Bareli,2018-01-01,8.746450098803393
0_00010000000000000f97,India,Uttar Pradesh,Rampur,2018-01-01,6.388189229660034
0_00010000000000000f98,India,Uttar Pradesh,Saharanpur,2018-01-01,6.04400024214687
0_00010000000000000f99,India,Uttar Pradesh,Shahjahanpur,2018-01-01,7.226459938028569
0_00010000000000000f9a,India,Uttar Pradesh,Sitapur,2018-01-01,7.896731035462704
0_00010000000000000f9b,India,Uttar Pradesh,Sultanpur,2018-01-01,8.922946406263256
0_00010000000000000f9c,India,Uttar Pradesh,Unnao,2018-01-01,8.500614117808015
0_00010000000000000fa0,India,Uttar Pradesh,Badaun,2018-01-01,7.525389308955616
0_00010000000000000fa5,India,Uttar Pradesh,Firozabad,2018-01-01,8.068782750618041
0_00010000000000000faa,India,Uttar Pradesh,Kanpur Dehat,2018-01-01,8.65630461443227
0_00010000000000000faf,India,Uttar Pradesh,Mau,2018-01-01,10.174880293792278
0_00010000000000000fb3,India,Uttar Pradesh,Siddharth Nagar,2018-01-01,10.052473827123542
0_00010000000000000fb4,India,Uttar Pradesh,Sonbhadra,2018-01-01,10.06953848934088
0_00010000000000000fb5,India,Uttarakhand,Dehra Dun,2018-01-01,3.889271214625722
0_00010000000000000fb6,India,Uttarakhand,Pauri Garhwal,2018-01-01,3.78896649221325
0_00010000000000000fbc,India,Uttarakhand,Haridwar,2018-01-01,5.787981748196989
0_00010000000000000fbf,India,Uttarakhand,Tehri Garhwal,2018-01-01,2.651666811075119
0_00010000000000000fc1,India,Uttarakhand,Uttarkashi,2018-01-01,1.667340604998993
