City,Avg_Maximum_Temperature,Avg_Minimum_Temperature,Monthly
Ahmedabad,292.5822754,290.7838745,01-2011
Bangalore,296.9588623,295.3451538,01-2011
Bhopal,290.4467773,290.3387146,01-2011
Bhubaneswar,291.6048584,291.6048584,01-2011
Chennai,297.1580811,297.1580811,01-2011
Delhi,288.5959778,288.5959778,01-2011
Hyderabad,295.5338745,294.4403381,01-2011
Jaipur,288.4411316,288.4411316,01-2011
Kolkata,294.1709595,293.2959595,01-2011
Mumbai,296.4056396,296.4056396,01-2011
Pune,296.4056396,296.4056396,01-2011
Ahmedabad,296.280365,295.1053772,02-2011
Bangalore,297.842865,297.0249939,02-2011
Bhopal,293.9490967,293.6268005,02-2011
Bhubaneswar,294.9169617,294.9169617,02-2011
Chennai,298.0241089,298.0241089,02-2011
Delhi,291.3901978,291.3901978,02-2011
Hyderabad,297.1991272,296.9884033,02-2011
Jaipur,291.4580383,291.4580383,02-2011
Kolkata,297.0107117,295.9446411,02-2011
Mumbai,298.7401733,298.7401733,02-2011
Pune,298.7401733,298.7401733,02-2011
Ahmedabad,301.3685608,301.0911255,03-2011
Bangalore,301.2580566,300.9040527,03-2011
Bhopal,299.9629211,299.385498,03-2011
Bhubaneswar,299.1645203,299.1645203,03-2011
Chennai,300.8250122,300.8250122,03-2011
Delhi,295.7475891,295.7475891,03-2011
Hyderabad,302.5540466,302.1306458,03-2011
Jaipur,297.2266235,297.2266235,03-2011
Kolkata,300.977417,299.8790283,03-2011
Mumbai,301.1379089,301.1379089,03-2011
Pune,301.1379089,301.1379089,03-2011
Ahmedabad,304.9825134,304.5299988,04-2011
Bangalore,300.9683533,300.543335,04-2011
Bhopal,303.8791809,302.8658447,04-2011
Bhubaneswar,300.1833496,300.1833496,04-2011
Chennai,301.7791748,301.7791748,04-2011
Delhi,299.3408508,299.3408508,04-2011
Hyderabad,303.8808289,302.7091675,04-2011
Jaipur,301.3991699,301.3991699,04-2011
Kolkata,301.3033447,300.8516846,04-2011
Mumbai,302.6224976,302.6224976,04-2011
Pune,302.6224976,302.6224976,04-2011
Ahmedabad,307.6677551,307.5330811,05-2011
Bangalore,303.6895142,300.6104736,05-2011
Bhopal,307.7250061,306.6540527,05-2011
Bhubaneswar,304.5733948,304.5733948,05-2011
Chennai,305.9459839,305.9459839,05-2011
Delhi,307.7677612,307.7677612,05-2011
Hyderabad,307.3661499,306.272583,05-2011
Jaipur,307.9137268,307.9137268,05-2011
Kolkata,302.8443604,302.8096924,05-2011
Mumbai,303.5846863,303.5846863,05-2011
Pune,303.5846863,303.5846863,05-2011
Ahmedabad,308.4208374,308.2833252,06-2011
Bangalore,298.6824951,297.1108398,06-2011
Bhopal,306.9425049,306.8391724,06-2011
Bhubaneswar,300.7875061,300.7875061,06-2011
Chennai,304.4725037,304.4725037,06-2011
Delhi,309.6133423,309.6133423,06-2011
Hyderabad,302.2749939,299.8399963,06-2011
Jaipur,309.6808472,309.6808472,06-2011
Kolkata,301.1625061,301.043335,06-2011
Mumbai,300.5083313,300.5083313,06-2011
Pune,300.5083313,300.5083313,06-2011
Ahmedabad,304.9524231,303.0846863,07-2011
Bangalore,297.6959839,296.545166,07-2011
Bhopal,300.7677612,300.1596985,07-2011
Bhubaneswar,297.1266174,297.1266174,07-2011
Chennai,302.5919495,302.5919495,07-2011
Delhi,307.0983887,307.0983887,07-2011
Hyderabad,298.4306641,297.9378967,07-2011
Jaipur,305.2040405,305.2040405,07-2011
Kolkata,300.3387146,299.602417,07-2011
Mumbai,298.6419373,298.6419373,07-2011
Pune,298.6419373,298.6419373,07-2011
Ahmedabad,303.2790527,301.1685486,08-2011
Bangalore,297.1508179,296.307251,08-2011
Bhopal,298.7290344,298.080658,08-2011
Bhubaneswar,296.8935547,296.8935547,08-2011
Chennai,301.1959839,301.1959839,08-2011
Delhi,302.4911499,302.4911499,08-2011
Hyderabad,297.7137146,297.1685486,08-2011
Jaipur,300.772583,300.772583,08-2011
Kolkata,300.3588867,299.4742126,08-2011
Mumbai,298.4516296,298.4516296,08-2011
Pune,298.4516296,298.4516296,08-2011
Ahmedabad,302.1491699,300.206665,09-2011
Bangalore,296.9533386,296.3575134,09-2011
Bhopal,298.0825195,297.4033508,09-2011
Bhubaneswar,296.4541626,296.4541626,09-2011
Chennai,301.0991821,301.0991821,09-2011
Delhi,300.7041626,300.7041626,09-2011
Hyderabad,297.4558411,296.8950195,09-2011
Jaipur,299.3166809,299.3166809,09-2011
Kolkata,300.104187,299.1958313,09-2011
Mumbai,298.3325195,298.3325195,09-2011
Pune,298.3325195,298.3325195,09-2011
Ahmedabad,303.6766052,302.7572632,10-2011
Bangalore,297.6225891,297.4588623,10-2011
Bhopal,300.4975891,298.9766235,10-2011
Bhubaneswar,296.2395325,296.2395325,10-2011
Chennai,301.6419373,301.6419373,10-2011
Delhi,298.4145203,298.4145203,10-2011
Hyderabad,299.2419434,298.4338684,10-2011
Jaipur,299.5266113,299.5266113,10-2011
Kolkata,298.807251,297.8605042,10-2011
Mumbai,301.375824,301.375824,10-2011
Pune,301.375824,301.375824,10-2011
Ahmedabad,302.0366821,300.3416748,11-2011
Bangalore,298.4816589,297.1700134,11-2011
Bhopal,298.2449951,297.3925171,11-2011
Bhubaneswar,294.7033386,294.7033386,11-2011
Chennai,300.5675049,300.5675049,11-2011
Delhi,296.2225037,296.2225037,11-2011
Hyderabad,298.0291748,298.0050049,11-2011
Jaipur,297.0383301,297.0383301,11-2011
Kolkata,297.311676,295.0299988,11-2011
Mumbai,301.0950012,301.0950012,11-2011
Pune,301.0950012,301.0950012,11-2011
Ahmedabad,292.4032288,291.2129211,12-2011
Bangalore,297.057251,295.2330627,12-2011
Bhopal,292.1072693,291.9959717,12-2011
Bhubaneswar,291.9717712,291.9717712,12-2011
Chennai,298.2435608,298.2435608,12-2011
Delhi,289.3733826,289.3733826,12-2011
Hyderabad,295.6105042,294.2814636,12-2011
Jaipur,289.5669556,289.5669556,12-2011
Kolkata,294.0725708,292.6080627,12-2011
Mumbai,297.9459839,297.9459839,12-2011
Pune,297.9459839,297.9459839,12-2011
Ahmedabad,291.7492065,290.1233826,01-2012
Bangalore,297.5379028,296.9742126,01-2012
Bhopal,289.8354797,289.8016052,01-2012
Bhubaneswar,291.4532166,291.4532166,01-2012
Chennai,298.0459595,298.0459595,01-2012
Delhi,287.7564697,287.7564697,01-2012
Hyderabad,296.7919312,295.1604919,01-2012
Jaipur,287.2742004,287.2742004,01-2012
Kolkata,294.1508179,293.103241,01-2012
Mumbai,295.4161377,295.4161377,01-2012
Pune,295.4161377,295.4161377,01-2012
Ahmedabad,293.4577637,292.6948242,02-2012
Bangalore,299.5655212,299.2775879,02-2012
Bhopal,292.9267273,292.7043152,02-2012
Bhubaneswar,295.134491,295.134491,02-2012
Chennai,300.125885,300.125885,02-2012
Delhi,289.252594,289.252594,02-2012
Hyderabad,299.8810425,298.2749939,02-2012
Jaipur,289.4181213,289.4181213,02-2012
Kolkata,298.004303,296.6801758,02-2012
Mumbai,297.7293091,297.7293091,02-2012
Pune,297.7293091,297.7293091,02-2012
Ahmedabad,300.3104858,300.2370911,03-2012
Bangalore,302.8475952,301.1217957,03-2012
Bhopal,299.0959778,298.7064514,03-2012
Bhubaneswar,299.2395325,299.2395325,03-2012
Chennai,302.8395081,302.8395081,03-2012
Delhi,294.2242126,294.2242126,03-2012
Hyderabad,303.0459595,301.6508179,03-2012
Jaipur,295.853241,295.853241,03-2012
Kolkata,301.4806519,299.8274231,03-2012
Mumbai,300.1040344,300.1040344,03-2012
Pune,300.1040344,300.1040344,03-2012
Ahmedabad,305.6916809,305.0666809,04-2012
Bangalore,306.3366699,304.3791809,04-2012
Bhopal,304.5683289,304.1600037,04-2012
Bhubaneswar,303.8333435,303.8333435,04-2012
Chennai,304.8908386,304.8908386,04-2012
Delhi,300.3275146,300.3275146,04-2012
Hyderabad,306.6025085,306.0491638,04-2012
Jaipur,302.6158447,302.6158447,04-2012
Kolkata,303.8450012,302.1450195,04-2012
Mumbai,302.769165,302.769165,04-2012
Pune,302.769165,302.769165,04-2012
Ahmedabad,308.1137085,307.8798523,05-2012
Bangalore,305.8395081,301.9225769,05-2012
Bhopal,307.182251,307.000824,05-2012
Bhubaneswar,305.6863098,305.6863098,05-2012
Chennai,307.6395264,307.6395264,05-2012
Delhi,304.9225769,304.9225769,05-2012
Hyderabad,306.8201599,306.6653442,05-2012
Jaipur,306.4008179,306.4008179,05-2012
Kolkata,304.5435486,304.022583,05-2012
Mumbai,303.7524109,303.7524109,05-2012
Pune,303.7524109,303.7524109,05-2012
Ahmedabad,307.6733398,307.0641785,06-2012
Bangalore,300.2875061,297.3383484,06-2012
Bhopal,307.3333435,306.1000061,06-2012
Bhubaneswar,305.4750061,305.4750061,06-2012
Chennai,305.6766663,305.6766663,06-2012
Delhi,309.7891846,309.7891846,06-2012
Hyderabad,303.7941589,301.480835,06-2012
Jaipur,308.5241699,308.5241699,06-2012
Kolkata,304.1483459,303.8758545,06-2012
Mumbai,300.8674927,300.8674927,06-2012
Pune,300.8674927,300.8674927,06-2012
Ahmedabad,305.6225891,304.1806641,07-2012
Bangalore,297.6225891,296.4266052,07-2012
Bhopal,302.4766235,302.2774353,07-2012
Bhubaneswar,297.7661438,297.7661438,07-2012
Chennai,302.6330566,302.6330566,07-2012
Delhi,308.9363098,308.9363098,07-2012
Hyderabad,298.7572632,298.0258179,07-2012
Jaipur,306.6774292,306.6774292,07-2012
Kolkata,301.2709656,299.8588867,07-2012
Mumbai,298.9757996,298.9757996,07-2012
Pune,298.9757996,298.9757996,07-2012
Ahmedabad,304.7411499,302.3500061,08-2012
Bangalore,297.4274292,296.4709778,08-2012
Bhopal,299.0782166,298.4814453,08-2012
Bhubaneswar,297.0613098,297.0613098,08-2012
Chennai,301.7185669,301.7185669,08-2012
Delhi,305.2129211,305.2129211,08-2012
Hyderabad,297.8653259,297.6588745,08-2012
Jaipur,301.9516296,301.9516296,08-2012
Kolkata,301.5169373,299.465332,08-2012
Mumbai,298.6467896,298.6467896,08-2012
Pune,298.6467896,298.6467896,08-2012
Ahmedabad,304.0874939,301.7241821,09-2012
Bangalore,297.2266846,296.4550171,09-2012
Bhopal,298.7508545,297.8108521,09-2012
Bhubaneswar,296.7116699,296.7116699,09-2012
Chennai,301.4750061,301.4750061,09-2012
Delhi,303.2266846,303.2266846,09-2012
Hyderabad,297.9550171,297.2975159,09-2012
Jaipur,300.2558289,300.2558289,09-2012
Kolkata,301.0700073,299.2458496,09-2012
Mumbai,298.7774963,298.7774963,09-2012
Pune,298.7774963,298.7774963,09-2012
Ahmedabad,304.4217834,303.3492126,10-2012
Bangalore,297.8580627,297.7798462,10-2012
Bhopal,301.204834,300.0354919,10-2012
Bhubaneswar,295.4677429,295.4677429,10-2012
Chennai,300.9645081,300.9645081,10-2012
Delhi,300.9491882,300.9491882,10-2012
Hyderabad,299.1201782,298.2637024,10-2012
Jaipur,300.4846802,300.4846802,10-2012
Kolkata,298.4185486,297.9274292,10-2012
Mumbai,301.1040344,301.1040344,10-2012
Pune,301.1040344,301.1040344,10-2012
Ahmedabad,300.5708313,298.2858276,11-2012
Bangalore,298.2124939,296.7058411,11-2012
Bhopal,296.5358276,296.1149902,11-2012
Bhubaneswar,292.4733276,292.4733276,11-2012
Chennai,299.1433411,299.1433411,11-2012
Delhi,296.7108459,296.7108459,11-2012
Hyderabad,296.7783508,296.7591858,11-2012
Jaipur,295.8724976,295.8724976,11-2012
Kolkata,295.75,294.7708435,11-2012
Mumbai,300.3383484,300.3383484,11-2012
Pune,300.3383484,300.3383484,11-2012
Ahmedabad,294.6105042,293.0096741,12-2012
Bangalore,297.6080627,295.4532166,12-2012
Bhopal,292.4572754,292.4008179,12-2012
Bhubaneswar,290.3709717,290.3709717,12-2012
Chennai,297.4854736,297.4854736,12-2012
Delhi,292.7096863,292.7096863,12-2012
Hyderabad,296.0072632,295.625824,12-2012
Jaipur,290.8895264,290.8895264,12-2012
Kolkata,293.3846741,292.4153442,12-2012
Mumbai,298.9435425,298.9435425,12-2012
Pune,298.9435425,298.9435425,12-2012
Ahmedabad,293.0701599,290.9282227,01-2013
Bangalore,298.2879028,295.9838867,01-2013
Bhopal,290.3475952,289.875824,01-2013
Bhubaneswar,290.512085,290.512085,01-2013
Chennai,296.7362976,296.7362976,01-2013
Delhi,291.454834,291.454834,01-2013
Hyderabad,296.5322571,296.0411377,01-2013
Jaipur,288.9217834,288.9217834,01-2013
Kolkata,292.2290344,292.0613098,01-2013
Mumbai,297.6403198,297.6403198,01-2013
Pune,297.6403198,297.6403198,01-2013
Ahmedabad,296.344635,295.4267883,02-2013
Bangalore,299.0482178,297.2410889,02-2013
Bhopal,293.5848389,293.436615,02-2013
Bhubaneswar,294.0830383,294.0830383,02-2013
Chennai,297.436615,297.436615,02-2013
Delhi,294.0812683,294.0812683,02-2013
Hyderabad,298.6142883,298.5026855,02-2013
Jaipur,292.4526978,292.4526978,02-2013
Kolkata,296.4017944,295.9437561,02-2013
Mumbai,299.499115,299.499115,02-2013
Pune,299.499115,299.499115,02-2013
Ahmedabad,301.2427368,301.0927429,03-2013
Bangalore,300.9596863,300.580658,03-2013
Bhopal,300.1766052,299.8250122,03-2013
Bhubaneswar,299.3411255,299.3411255,03-2013
Chennai,300.7887268,300.7887268,03-2013
Delhi,298.1596985,298.1596985,03-2013
Hyderabad,302.1443481,301.192749,03-2013
Jaipur,299.0387268,299.0387268,03-2013
Kolkata,301.7338867,300.6653442,03-2013
Mumbai,301.6008301,301.6008301,03-2013
Pune,301.6008301,301.6008301,03-2013
Ahmedabad,304.5708313,304.5491638,04-2013
Bangalore,301.7799988,301.710022,04-2013
Bhopal,304.0825195,303.5441589,04-2013
Bhubaneswar,302.2016602,302.2016602,04-2013
Chennai,301.7749939,301.7749939,04-2013
Delhi,302.4783325,302.4783325,04-2013
Hyderabad,305.3674927,304.3500061,04-2013
Jaipur,303.1758423,303.1758423,04-2013
Kolkata,304.7133484,303.2883301,04-2013
Mumbai,302.3200073,302.3200073,04-2013
Pune,302.3200073,302.3200073,04-2013
Ahmedabad,308.8895264,308.830658,05-2013
Bangalore,305.308075,302.4250183,05-2013
Bhopal,308.8427429,307.6088867,05-2013
Bhubaneswar,305.8887024,305.8887024,05-2013
Chennai,305.9145203,305.9145203,05-2013
Delhi,309.250824,309.250824,05-2013
Hyderabad,309.3516235,307.9250183,05-2013
Jaipur,308.4790344,308.4790344,05-2013
Kolkata,305.0491943,304.7322693,05-2013
Mumbai,305.1169434,305.1169434,05-2013
Pune,305.1169434,305.1169434,05-2013
Ahmedabad,308.2525024,307.5691833,06-2013
Bangalore,298.4150085,297.1816711,06-2013
Bhopal,305.8166809,305.8033447,06-2013
Bhubaneswar,300.1566772,300.1566772,06-2013
Chennai,303.625,303.625,06-2013
Delhi,311.25,311.25,06-2013
Hyderabad,301.7391663,299.605835,06-2013
Jaipur,309.2225037,309.2225037,06-2013
Kolkata,302.4100037,301.3200073,06-2013
Mumbai,300.2391663,300.2391663,06-2013
Pune,300.2391663,300.2391663,06-2013
Ahmedabad,305.2596741,302.8250122,07-2013
Bangalore,296.6016235,296.3250122,07-2013
Bhopal,301.2338867,301.0096741,07-2013
Bhubaneswar,297.4580688,297.4580688,07-2013
Chennai,300.7217712,300.7217712,07-2013
Delhi,309.3161316,309.3161316,07-2013
Hyderabad,297.7403259,296.7846985,07-2013
Jaipur,306.432251,306.432251,07-2013
Kolkata,301.3427429,299.8862915,07-2013
Mumbai,298.9742126,298.9742126,07-2013
Pune,298.9742126,298.9742126,07-2013
Ahmedabad,303.5830688,301.579834,08-2013
Bangalore,296.6766052,295.9137268,08-2013
Bhopal,299.1217957,298.3887024,08-2013
Bhubaneswar,297.1145325,297.1145325,08-2013
Chennai,300.7113037,300.7113037,08-2013
Delhi,305.1734009,305.1734009,08-2013
Hyderabad,297.2370911,296.500824,08-2013
Jaipur,302.6379089,302.6379089,08-2013
Kolkata,301.4112854,299.9234009,08-2013
Mumbai,298.352417,298.352417,08-2013
Pune,298.352417,298.352417,08-2013
Ahmedabad,305.686676,304.3933411,09-2013
Bangalore,296.7799988,296.2225037,09-2013
Bhopal,301.1933289,299.2841797,09-2013
Bhubaneswar,297.1016846,297.1016846,09-2013
Chennai,300.6741638,300.6741638,09-2013
Delhi,303.4349976,303.4349976,09-2013
Hyderabad,298.0125122,297.0541687,09-2013
Jaipur,302.8233337,302.8233337,09-2013
Kolkata,301.1066589,299.7141724,09-2013
Mumbai,299.0133362,299.0133362,09-2013
Pune,299.0133362,299.0133362,09-2013
Ahmedabad,304.6637268,302.8645325,10-2013
Bangalore,296.7621155,296.6976013,10-2013
Bhopal,299.5548401,297.9733887,10-2013
Bhubaneswar,295.3605042,295.3605042,10-2013
Chennai,300.135498,300.135498,10-2013
Delhi,300.6201782,300.6201782,10-2013
Hyderabad,297.4153137,296.9193726,10-2013
Jaipur,300.6120911,300.6120911,10-2013
Kolkata,299.6298523,298.1088867,10-2013
Mumbai,300.0177612,300.0177612,10-2013
Pune,300.0177612,300.0177612,10-2013
Ahmedabad,299.3616638,297.9841614,11-2013
Bangalore,297.1199951,295.4066772,11-2013
Bhopal,296.2391663,294.6533508,11-2013
Bhubaneswar,293.2600098,293.2600098,11-2013
Chennai,298.4899902,298.4899902,11-2013
Delhi,294.6366882,294.6366882,11-2013
Hyderabad,294.793335,294.4058533,11-2013
Jaipur,294.9150085,294.9150085,11-2013
Kolkata,296.042511,295.7666626,11-2013
Mumbai,298.1433411,298.1433411,11-2013
Pune,298.1433411,298.1433411,11-2013
Ahmedabad,293.5467834,293.1427612,12-2013
Bangalore,296.1540527,293.8475952,12-2013
Bhopal,293.1951599,292.4951782,12-2013
Bhubaneswar,291.6871033,291.6871033,12-2013
Chennai,296.7362976,296.7362976,12-2013
Delhi,290.4596863,290.4596863,12-2013
Hyderabad,293.625,293.5782166,12-2013
Jaipur,291.0249939,291.0249939,12-2013
Kolkata,294.3427429,294.1524353,12-2013
Mumbai,296.5838623,296.5838623,12-2013
Pune,296.5838623,296.5838623,12-2013
Ahmedabad,292.5637207,291.5628967,01-2014
Bangalore,297.0709839,294.5983887,01-2014
Bhopal,291.2556458,291.2120972,01-2014
Bhubaneswar,291.5854797,291.5854797,01-2014
Chennai,295.9967651,295.9967651,01-2014
Delhi,290.8104858,290.8104858,01-2014
Hyderabad,294.6169434,294.260498,01-2014
Jaipur,290.2306519,290.2306519,01-2014
Kolkata,293.9387207,293.5016174,01-2014
Mumbai,296.3241882,296.3241882,01-2014
Pune,296.3241882,296.3241882,01-2014
Ahmedabad,295.0187683,294.8616028,02-2014
Bangalore,298.1678772,297.1285706,02-2014
Bhopal,293.8830261,293.2134094,02-2014
Bhubaneswar,294.0089417,294.0089417,02-2014
Chennai,297.28125,297.28125,02-2014
Delhi,291.4428711,291.4428711,02-2014
Hyderabad,297.0142822,295.6982117,02-2014
Jaipur,291.6080322,291.6080322,02-2014
Kolkata,296.1169739,295.7339478,02-2014
Mumbai,297.1178589,297.1178589,02-2014
Pune,297.1178589,297.1178589,02-2014
Ahmedabad,300.2887268,300.2145081,03-2014
Bangalore,300.4717712,300.1669312,03-2014
Bhopal,299.2346802,298.7846985,03-2014
Bhubaneswar,298.5637207,298.5637207,03-2014
Chennai,300.0750122,300.0750122,03-2014
Delhi,295.3838806,295.3838806,03-2014
Hyderabad,300.79599,300.2524109,03-2014
Jaipur,297.010498,297.010498,03-2014
Kolkata,300.8572693,300.2016296,03-2014
Mumbai,300.2346802,300.2346802,03-2014
Pune,300.2346802,300.2346802,03-2014
Ahmedabad,305.667511,305.3816833,04-2014
Bangalore,303.7250061,302.4791565,04-2014
Bhopal,304.4608459,304.3491821,04-2014
Bhubaneswar,303.3974915,303.3974915,04-2014
Chennai,302.9425049,302.9425049,04-2014
Delhi,300.2733459,300.2733459,04-2014
Hyderabad,305.8125,305.3616638,04-2014
Jaipur,302.6833496,302.6833496,04-2014
Kolkata,305.0508423,304.2791748,04-2014
Mumbai,302.7633362,302.7633362,04-2014
Pune,302.7633362,302.7633362,04-2014
Ahmedabad,307.3451843,307.2959595,05-2014
Bangalore,303.8548584,301.4806519,05-2014
Bhopal,307.4363098,306.5822754,05-2014
Bhubaneswar,305.3193665,305.3193665,05-2014
Chennai,305.3830566,305.3830566,05-2014
Delhi,305.2580566,305.2580566,05-2014
Hyderabad,307.4403381,306.0621033,05-2014
Jaipur,306.3008118,306.3008118,05-2014
Kolkata,305.750824,304.9411316,05-2014
Mumbai,304.1161194,304.1161194,05-2014
Pune,304.1161194,304.1161194,05-2014
Ahmedabad,308.3724976,307.7075195,06-2014
Bangalore,301.3724976,298.2483521,06-2014
Bhopal,308.4691772,306.9075012,06-2014
Bhubaneswar,305.9358521,305.9358521,06-2014
Chennai,305.9775085,305.9775085,06-2014
Delhi,311.1216736,311.1216736,06-2014
Hyderabad,305.1333313,302.8250122,06-2014
Jaipur,309.5341797,309.5341797,06-2014
Kolkata,304.8983459,304.7625122,06-2014
Mumbai,301.3825073,301.3825073,06-2014
Pune,301.3825073,301.3825073,06-2014
Ahmedabad,306.0774231,304.3661499,07-2014
Bangalore,298.0484009,296.7233887,07-2014
Bhopal,303.0096741,302.4927368,07-2014
Bhubaneswar,298.9757996,298.9757996,07-2014
Chennai,303.1419373,303.1419373,07-2014
Delhi,308.3500061,308.3500061,07-2014
Hyderabad,299.7717896,298.6645203,07-2014
Jaipur,306.8040466,306.8040466,07-2014
Kolkata,301.897583,300.3693542,07-2014
Mumbai,299.2879028,299.2879028,07-2014
Pune,299.2879028,299.2879028,07-2014
Ahmedabad,303.5863037,301.8346863,08-2014
Bangalore,297.5870972,296.5080566,08-2014
Bhopal,299.682251,299.2903137,08-2014
Bhubaneswar,297.1653137,297.1653137,08-2014
Chennai,301.92099,301.92099,08-2014
Delhi,305.2104797,305.2104797,08-2014
Hyderabad,297.8354797,297.7403259,08-2014
Jaipur,303.3500061,303.3500061,08-2014
Kolkata,301.3596802,299.5870972,08-2014
Mumbai,298.5249939,298.5249939,08-2014
Pune,298.5249939,298.5249939,08-2014
Ahmedabad,303.7108459,301.8791809,09-2014
Bangalore,297.4691772,296.4741821,09-2014
Bhopal,298.6691589,297.5641785,09-2014
Bhubaneswar,296.3833313,296.3833313,09-2014
Chennai,301.6199951,301.6199951,09-2014
Delhi,302.2891846,302.2891846,09-2014
Hyderabad,297.3416748,297.1483459,09-2014
Jaipur,300.8608398,300.8608398,09-2014
Kolkata,300.8091736,299.0908508,09-2014
Mumbai,298.4683228,298.4683228,09-2014
Pune,298.4683228,298.4683228,09-2014
Ahmedabad,304.5338745,303.5725708,10-2014
Bangalore,297.9121094,297.7451477,10-2014
Bhopal,301.0209656,299.3774109,10-2014
Bhubaneswar,295.6895142,295.6895142,10-2014
Chennai,301.3467712,301.3467712,10-2014
Delhi,298.9709778,298.9709778,10-2014
Hyderabad,298.7661438,298.2112732,10-2014
Jaipur,300.147583,300.147583,10-2014
Kolkata,299.0725708,298.4903259,10-2014
Mumbai,301.2096863,301.2096863,10-2014
Pune,301.2096863,301.2096863,10-2014
Ahmedabad,300.5074768,299.3516541,11-2014
Bangalore,297.2724915,295.7558289,11-2014
Bhopal,297.3199768,295.3299866,11-2014
Bhubaneswar,293.9558105,293.9558105,11-2014
Chennai,298.9424744,298.9424744,11-2014
Delhi,294.8374939,294.8374939,11-2014
Hyderabad,296.3775024,295.9216614,11-2014
Jaipur,295.0058289,295.0058289,11-2014
Kolkata,297.4024963,296.875824,11-2014
Mumbai,300.1758118,300.1758118,11-2014
Pune,300.1758118,300.1758118,11-2014
Ahmedabad,293.5338745,291.8007813,12-2014
Bangalore,296.5459595,294.6403198,12-2014
Bhopal,290.851593,290.0532227,12-2014
Bhubaneswar,291.2999878,291.2999878,12-2014
Chennai,297.1870728,297.1870728,12-2014
Delhi,290.2080383,290.2080383,12-2014
Hyderabad,294.2749939,293.0459595,12-2014
Jaipur,289.5249939,289.5249939,12-2014
Kolkata,294.8040161,294.1072388,12-2014
Mumbai,296.8822327,296.8822327,12-2014
Pune,296.8822327,296.8822327,12-2014
Ahmedabad,293.8258057,292.3919373,01-2015
Bangalore,297.1741943,295.0354614,01-2015
Bhopal,291.2032166,290.3572388,01-2015
Bhubaneswar,290.7911072,290.7911072,01-2015
Chennai,296.6056213,296.6056213,01-2015
Delhi,290.6120911,290.6120911,01-2015
Hyderabad,294.9217529,293.8999939,01-2015
Jaipur,290.045166,290.045166,01-2015
Kolkata,294.4467773,293.7806396,01-2015
Mumbai,296.8540344,296.8540344,01-2015
Pune,296.8540344,296.8540344,01-2015
Ahmedabad,297.59552,297.3723145,02-2015
Bangalore,298.6928406,297.0508728,02-2015
Bhopal,296.2035522,295.6856995,02-2015
Bhubaneswar,295.1607056,295.1607056,02-2015
Chennai,297.1080322,297.1080322,02-2015
Delhi,293.7615967,293.7615967,02-2015
Hyderabad,297.9767761,297.8160706,02-2015
Jaipur,294.1973267,294.1973267,02-2015
Kolkata,297.5910645,296.9321289,02-2015
Mumbai,298.783905,298.783905,02-2015
Pune,298.783905,298.783905,02-2015
Ahmedabad,299.9112854,299.7161255,03-2015
Bangalore,300.2145081,300.1338501,03-2015
Bhopal,298.7701416,298.0282288,03-2015
Bhubaneswar,298.1266174,298.1266174,03-2015
Chennai,300.2241821,300.2241821,03-2015
Delhi,294.9822388,294.9822388,03-2015
Hyderabad,300.807251,300.3023987,03-2015
Jaipur,296.3806458,296.3806458,03-2015
Kolkata,301.2056274,300.2886963,03-2015
Mumbai,300.566925,300.566925,03-2015
Pune,300.566925,300.566925,03-2015
Ahmedabad,305.6766663,305.3066711,04-2015
Bangalore,300.3933105,300.2566528,04-2015
Bhopal,303.0849915,302.8116455,04-2015
Bhubaneswar,302.2024841,302.2024841,04-2015
Chennai,301.2683411,301.2683411,04-2015
Delhi,301.7041626,301.7041626,04-2015
Hyderabad,303.3091736,302.2366638,04-2015
Jaipur,302.7058411,302.7058411,04-2015
Kolkata,302.5458374,302.4291687,04-2015
Mumbai,302.0691528,302.0691528,04-2015
Pune,302.0691528,302.0691528,04-2015
Ahmedabad,308.3992004,308.3008118,05-2015
Bangalore,303.4661255,301.2451477,05-2015
Bhopal,308.1871033,307.4628906,05-2015
Bhubaneswar,306.3653259,306.3653259,05-2015
Chennai,305.0975647,305.0975647,05-2015
Delhi,306.8677368,306.8677368,05-2015
Hyderabad,308.2112732,306.9241943,05-2015
Jaipur,307.6636963,307.6636963,05-2015
Kolkata,304.9161377,304.9136963,05-2015
Mumbai,304.7145081,304.7145081,05-2015
Pune,304.7145081,304.7145081,05-2015
Ahmedabad,308.1625061,306.6833191,06-2015
Bangalore,300.0858154,298.1900024,06-2015
Bhopal,304.4974976,303.9008179,06-2015
Bhubaneswar,301.7649841,301.7649841,06-2015
Chennai,303.8924866,303.8924866,06-2015
Delhi,308.4824829,308.4824829,06-2015
Hyderabad,302.1433411,300.8108215,06-2015
Jaipur,307.3399963,307.3399963,06-2015
Kolkata,303.3599854,302.2841492,06-2015
Mumbai,301.0099792,301.0099792,06-2015
Pune,301.0099792,301.0099792,06-2015
Ahmedabad,303.8161316,301.1088562,07-2015
Bangalore,298.329834,296.5056458,07-2015
Bhopal,300.6354675,299.8088684,07-2015
Bhubaneswar,297.9177246,297.9177246,07-2015
Chennai,303.2814331,303.2814331,07-2015
Delhi,307.1120911,307.1120911,07-2015
Hyderabad,298.8830566,298.4830627,07-2015
Jaipur,304.2991943,304.2991943,07-2015
Kolkata,301.3096619,299.6427307,07-2015
Mumbai,298.840332,298.840332,07-2015
Pune,298.840332,298.840332,07-2015
Ahmedabad,302.1032104,300.0653076,08-2015
Bangalore,297.6000061,296.6451721,08-2015
Bhopal,298.692749,298.5741882,08-2015
Bhubaneswar,296.9870911,296.9870911,08-2015
Chennai,301.6096802,301.6096802,08-2015
Delhi,304.5516052,304.5516052,08-2015
Hyderabad,297.4661255,297.4475708,08-2015
Jaipur,302.7177429,302.7177429,08-2015
Kolkata,301.2411194,299.5104675,08-2015
Mumbai,298.5765991,298.5765991,08-2015
Pune,298.5765991,298.5765991,08-2015
Ahmedabad,304.1191711,302.313324,09-2015
Bangalore,297.6300049,297.0908203,09-2015
Bhopal,299.8083191,299.1824951,09-2015
Bhubaneswar,297.082489,297.082489,09-2015
Chennai,301.2225037,301.2225037,09-2015
Delhi,301.7525024,301.7525024,09-2015
Hyderabad,298.0249939,297.7466736,09-2015
Jaipur,301.3458252,301.3458252,09-2015
Kolkata,301.3074951,299.6591492,09-2015
Mumbai,299.664978,299.664978,09-2015
Pune,299.664978,299.664978,09-2015
Ahmedabad,303.9064331,303.101593,10-2015
Bangalore,298.5822449,298.364502,10-2015
Bhopal,301.1056213,299.95401,10-2015
Bhubaneswar,296.896759,296.896759,10-2015
Chennai,301.0677185,301.0677185,10-2015
Delhi,299.4024048,299.4024048,10-2015
Hyderabad,300.7733765,299.4846802,10-2015
Jaipur,300.1725769,300.1725769,10-2015
Kolkata,299.4782104,298.9862671,10-2015
Mumbai,302.3540344,302.3540344,10-2015
Pune,302.3540344,302.3540344,10-2015
Ahmedabad,297.5883179,296.9441528,11-2015
Bangalore,298.0716553,295.9733276,11-2015
Bhopal,297.3908081,297.2366638,11-2015
Bhubaneswar,296.0533142,296.0533142,11-2015
Chennai,298.5516663,298.5516663,11-2015
Delhi,294.4400024,294.4400024,11-2015
Hyderabad,297.7149963,296.6833191,11-2015
Jaipur,295.0249939,295.0249939,11-2015
Kolkata,298.4041443,297.8233337,11-2015
Mumbai,300.6308289,300.6308289,11-2015
Pune,300.6308289,300.6308289,11-2015
Ahmedabad,293.2540283,291.7637024,12-2015
Bangalore,297.9475708,295.5112915,12-2015
Bhopal,291.9653015,291.941925,12-2015
Bhubaneswar,292.4757996,292.4757996,12-2015
Chennai,297.2233887,297.2233887,12-2015
Delhi,290.375,290.375,12-2015
Hyderabad,296.3927307,295.3588562,12-2015
Jaipur,290.3023987,290.3023987,12-2015
Kolkata,295.0080566,294.6483765,12-2015
Mumbai,296.9040222,296.9040222,12-2015
Pune,296.9040222,296.9040222,12-2015
Ahmedabad,294.2886963,293.0386963,01-2016
Bangalore,297.7298279,295.1604614,01-2016
Bhopal,293.0257874,293.0201416,01-2016
Bhubaneswar,292.2402954,292.2402954,01-2016
Chennai,295.9588623,295.9588623,01-2016
Delhi,290.4370728,290.4370728,01-2016
Hyderabad,295.9136963,295.3395081,01-2016
Jaipur,290.6459656,290.6459656,01-2016
Kolkata,294.1999817,293.7467651,01-2016
Mumbai,296.3435364,296.3435364,01-2016
Pune,296.3435364,296.3435364,01-2016
Ahmedabad,296.117218,295.2792969,02-2016
Bangalore,299.5724182,299.1094666,02-2016
Bhopal,294.9870605,294.7137756,02-2016
Bhubaneswar,295.8577576,295.8577576,02-2016
Chennai,298.6405029,298.6405029,02-2016
Delhi,292.001709,292.001709,02-2016
Hyderabad,300.0887756,298.8706665,02-2016
Jaipur,292.490509,292.490509,02-2016
Kolkata,298.6646423,297.5836182,02-2016
Mumbai,298.3973999,298.3973999,02-2016
Pune,298.3973999,298.3973999,02-2016
Ahmedabad,301.3362732,301.2145081,03-2016
Bangalore,302.489502,302.1274109,03-2016
Bhopal,301.0556335,300.8032227,03-2016
Bhubaneswar,300.1427307,300.1427307,03-2016
Chennai,301.0733643,301.0733643,03-2016
Delhi,296.4967651,296.4967651,03-2016
Hyderabad,303.3322449,302.9378967,03-2016
Jaipur,298.5177307,298.5177307,03-2016
Kolkata,302.3411255,301.159668,03-2016
Mumbai,301.2120972,301.2120972,03-2016
Pune,301.2120972,301.2120972,03-2016
Ahmedabad,303.543335,303.4341431,04-2016
Bangalore,304.081665,302.5316467,04-2016
Bhopal,303.9391479,302.5549927,04-2016
Bhubaneswar,305.1124878,305.1124878,04-2016
Chennai,303.3058167,303.3058167,04-2016
Delhi,301.688324,301.688324,04-2016
Hyderabad,306.0608215,305.9508362,04-2016
Jaipur,303.0533142,303.0533142,04-2016
Kolkata,306.4324951,305.0966492,04-2016
Mumbai,301.7558289,301.7558289,04-2016
Pune,301.7558289,301.7558289,04-2016
Ahmedabad,307.5185547,307.2774048,05-2016
Bangalore,303.6088562,302.2137146,05-2016
Bhopal,308.1653137,306.7153015,05-2016
Bhubaneswar,304.8459473,304.8459473,05-2016
Chennai,304.6959534,304.6959534,05-2016
Delhi,308.2032166,308.2032166,05-2016
Hyderabad,307.749176,306.1451416,05-2016
Jaipur,308.6201477,308.6201477,05-2016
Kolkata,304.3249817,304.1871033,05-2016
Mumbai,303.4532166,303.4532166,05-2016
Pune,303.4532166,303.4532166,05-2016
Ahmedabad,307.3850098,306.5583191,06-2016
Bangalore,299.0524902,297.5866699,06-2016
Bhopal,306.4233398,305.3599854,06-2016
Bhubaneswar,303.0874939,303.0874939,06-2016
Chennai,303.0083313,303.0083313,06-2016
Delhi,310.4375,310.4375,06-2016
Hyderabad,303.4849854,301.1766663,06-2016
Jaipur,308.999176,308.999176,06-2016
Kolkata,303.8108215,303.4725037,06-2016
Mumbai,301.2541504,301.2541504,06-2016
Pune,301.2541504,301.2541504,06-2016
Ahmedabad,303.4475708,301.8709717,07-2016
Bangalore,296.7766113,295.9782104,07-2016
Bhopal,300.5628967,300.0096741,07-2016
Bhubaneswar,297.5564575,297.5564575,07-2016
Chennai,300.840332,300.840332,07-2016
Delhi,307.0379028,307.0379028,07-2016
Hyderabad,297.8903198,297.1725769,07-2016
Jaipur,305.2233887,305.2233887,07-2016
Kolkata,301.4612732,299.8233948,07-2016
Mumbai,298.6991882,298.6991882,07-2016
Pune,298.6991882,298.6991882,07-2016
Ahmedabad,303.3225708,300.2024231,08-2016
Bangalore,296.5911255,295.3023987,08-2016
Bhopal,297.6394958,297.5935364,08-2016
Bhubaneswar,297.1959534,297.1959534,08-2016
Chennai,301.0943604,301.0943604,08-2016
Delhi,302.9814453,302.9814453,08-2016
Hyderabad,296.6233826,296.6217651,08-2016
Jaipur,300.7588501,300.7588501,08-2016
Kolkata,301.5516052,299.8725891,08-2016
Mumbai,297.5233765,297.5233765,08-2016
Pune,297.5233765,297.5233765,08-2016
Ahmedabad,303.9258118,303.0558167,09-2016
Bangalore,296.4499817,295.6900024,09-2016
Bhopal,300.0849915,298.6216736,09-2016
Bhubaneswar,296.8516541,296.8516541,09-2016
Chennai,300.4533386,300.4533386,09-2016
Delhi,302.1983337,302.1983337,09-2016
Hyderabad,296.7741699,296.2649841,09-2016
Jaipur,301.8141479,301.8141479,09-2016
Kolkata,301.250824,299.6408386,09-2016
Mumbai,297.9291687,297.9291687,09-2016
Pune,297.9291687,297.9291687,09-2016
Ahmedabad,303.045166,301.8983765,10-2016
Bangalore,297.0540161,296.3572388,10-2016
Bhopal,299.3862915,298.1782227,10-2016
Bhubaneswar,296.316925,296.316925,10-2016
Chennai,300.5185547,300.5185547,10-2016
Delhi,299.6161194,299.6161194,10-2016
Hyderabad,297.0201416,296.4443359,10-2016
Jaipur,299.9798279,299.9798279,10-2016
Kolkata,299.8709717,298.9870911,10-2016
Mumbai,299.0806274,299.0806274,10-2016
Pune,299.0806274,299.0806274,10-2016
Ahmedabad,300.6658325,300.1541443,11-2016
Bangalore,297.6766663,296.2666626,11-2016
Bhopal,298.4891663,296.7908325,11-2016
Bhubaneswar,294.5941467,294.5941467,11-2016
Chennai,299.0099792,299.0099792,11-2016
Delhi,295.1016541,295.1016541,11-2016
Hyderabad,296.3866577,295.9299927,11-2016
Jaipur,296.227478,296.227478,11-2016
Kolkata,297.3641663,297,11-2016
Mumbai,299.1691589,299.1691589,11-2016
Pune,299.1691589,299.1691589,11-2016
Ahmedabad,297.1201782,295.9221191,12-2016
Bangalore,296.910553,295.4711304,12-2016
Bhopal,295.1365356,293.9797974,12-2016
Bhubaneswar,292.4759521,292.4759521,12-2016
Chennai,298.0086365,298.0086365,12-2016
Delhi,293.4807434,293.4807434,12-2016
Hyderabad,295.5336304,294.3923035,12-2016
Jaipur,293.6365356,293.6365356,12-2016
Kolkata,295.7336426,294.7009583,12-2016
Mumbai,297.4874878,297.4874878,12-2016
Pune,297.4874878,297.4874878,12-2016
Ahmedabad,293.3467712,292.0999756,01-2017
Bangalore,296.9935303,294.9386902,01-2017
Bhopal,292.5137024,292.2911072,01-2017
Bhubaneswar,292.9346619,292.9346619,01-2017
Chennai,296.7153015,296.7153015,01-2017
Delhi,289.352417,289.352417,01-2017
Hyderabad,294.8048401,294.5870972,01-2017
Jaipur,289.3983765,289.3983765,01-2017
Kolkata,295.7677307,295.1064453,01-2017
Mumbai,297.0338745,297.0338745,01-2017
Pune,297.0338745,297.0338745,01-2017
Ahmedabad,296.4098206,295.7089233,02-2017
Bangalore,298.8937378,297.2276611,02-2017
Bhopal,295.1821289,295.0267639,02-2017
Bhubaneswar,295.7044373,295.7044373,02-2017
Chennai,297.2553406,297.2553406,02-2017
Delhi,293.0410461,293.0410461,02-2017
Hyderabad,298.2848206,298.2080078,02-2017
Jaipur,292.9749756,292.9749756,02-2017
Kolkata,298.8196411,297.65625,02-2017
Mumbai,298.9499817,298.9499817,02-2017
Pune,298.9499817,298.9499817,02-2017
Ahmedabad,300.9314575,300.6806335,03-2017
Bangalore,301.2838745,300.8814392,03-2017
Bhopal,299.6709595,299.637085,03-2017
Bhubaneswar,298.8040161,298.8040161,03-2017
Chennai,300.669342,300.669342,03-2017
Delhi,295.3088684,295.3088684,03-2017
Hyderabad,301.5185242,301.5177307,03-2017
Jaipur,297.4935303,297.4935303,03-2017
Kolkata,300.852417,299.7612915,03-2017
Mumbai,300.6516113,300.6516113,03-2017
Pune,300.6516113,300.6516113,03-2017
Ahmedabad,304.5449829,304.2600098,04-2017
Bangalore,305.0166626,302.6641541,04-2017
Bhopal,305.0283203,303.5041504,04-2017
Bhubaneswar,303.8724976,303.8724976,04-2017
Chennai,304.0483398,304.0483398,04-2017
Delhi,303.2033386,303.2033386,04-2017
Hyderabad,305.6191711,305.3241577,04-2017
Jaipur,304.6824951,304.6824951,04-2017
Kolkata,304.2433167,303.5416565,04-2017
Mumbai,302.0366516,302.0366516,04-2017
Pune,302.0366516,302.0366516,04-2017
Ahmedabad,3.22E+35,3.22E+35,05-2017
Bangalore,3.22E+35,3.22E+35,05-2017
Bhopal,3.22E+35,3.22E+35,05-2017
Bhubaneswar,3.22E+35,3.22E+35,05-2017
Chennai,3.22E+35,3.22E+35,05-2017
Delhi,3.22E+35,3.22E+35,05-2017
Hyderabad,3.22E+35,3.22E+35,05-2017
Jaipur,3.22E+35,3.22E+35,05-2017
Kolkata,3.22E+35,3.22E+35,05-2017
Mumbai,3.22E+35,3.22E+35,05-2017
Pune,3.22E+35,3.22E+35,05-2017
Ahmedabad,307.2358398,306.4941711,06-2017
Bangalore,299.5291748,297.436676,06-2017
Bhopal,306.4108276,305.3766479,06-2017
Bhubaneswar,301.8333435,301.8333435,06-2017
Chennai,304.2449951,304.2449951,06-2017
Delhi,308.9841614,308.9841614,06-2017
Hyderabad,302.2733154,299.8983154,06-2017
Jaipur,308.0841675,308.0841675,06-2017
Kolkata,303.5658264,302.1325073,06-2017
Mumbai,300.3866577,300.3866577,06-2017
Pune,300.3866577,300.3866577,06-2017
Ahmedabad,304.364502,301.1306458,07-2017
Bangalore,297.5386963,296.4378967,07-2017
Bhopal,299.4588623,299.0379028,07-2017
Bhubaneswar,297.0548401,297.0548401,07-2017
Chennai,302.4540405,302.4540405,07-2017
Delhi,306.3193359,306.3193359,07-2017
Hyderabad,298.2596741,297.7032166,07-2017
Jaipur,303.5007935,303.5007935,07-2017
Kolkata,301.2644958,299.6387024,07-2017
Mumbai,298.8274231,298.8274231,07-2017
Pune,298.8274231,298.8274231,07-2017
Ahmedabad,304.2685547,301.7298279,08-2017
Bangalore,296.9628906,296.351593,08-2017
Bhopal,298.9790344,298.6419373,08-2017
Bhubaneswar,297.2830505,297.2830505,08-2017
Chennai,301.0782166,301.0782166,08-2017
Delhi,304.3040161,304.3040161,08-2017
Hyderabad,297.715332,296.9112854,08-2017
Jaipur,302.3951416,302.3951416,08-2017
Kolkata,301.4766235,299.896759,08-2017
Mumbai,298.3653259,298.3653259,08-2017
Pune,298.3653259,298.3653259,08-2017
Ahmedabad,304.1266479,302.8683167,09-2017
Bangalore,296.875824,296.5874939,09-2017
Bhopal,300.1741638,299.0274963,09-2017
Bhubaneswar,297.1241455,297.1241455,09-2017
Chennai,300.8049927,300.8049927,09-2017
Delhi,301.5650024,301.5650024,09-2017
Hyderabad,297.6166687,296.9408264,09-2017
Jaipur,301.6066589,301.6066589,09-2017
Kolkata,301.625824,299.914978,09-2017
Mumbai,299.144165,299.144165,09-2017
Pune,299.144165,299.144165,09-2017
Ahmedabad,305.0612793,304.5096741,10-2017
Bangalore,297.1685486,297.0137024,10-2017
Bhopal,302.0620728,300.4838562,10-2017
Bhubaneswar,296.3419189,296.3419189,10-2017
Chennai,300.5370789,300.5370789,10-2017
Delhi,299.2701416,299.2701416,10-2017
Hyderabad,298.771759,297.3903198,10-2017
Jaipur,301.3233643,301.3233643,10-2017
Kolkata,299.6878967,298.9080505,10-2017
Mumbai,301.2862854,301.2862854,10-2017
Pune,301.2862854,301.2862854,10-2017
Ahmedabad,299.4033203,298.2866516,11-2017
Bangalore,297.6241455,295.9083252,11-2017
Bhopal,296.8724976,296.063324,11-2017
Bhubaneswar,294.1399841,294.1399841,11-2017
Chennai,298.8966675,298.8966675,11-2017
Delhi,295.2291565,295.2291565,11-2017
Hyderabad,296.0341492,296.0058289,11-2017
Jaipur,295.6799927,295.6799927,11-2017
Kolkata,296.9691467,296.6266479,11-2017
Mumbai,298.9816589,298.9816589,11-2017
Pune,298.9816589,298.9816589,11-2017
Ahmedabad,293.85672,293.3259583,12-2017
Bangalore,296.866333,295.1307678,12-2017
Bhopal,292.865387,292.4548035,12-2017
Bhubaneswar,292.7240295,292.7240295,12-2017
Chennai,297.8105774,297.8105774,12-2017
Delhi,291.0557556,291.0557556,12-2017
Hyderabad,295.0201721,294.5903625,12-2017
Jaipur,291.2048035,291.2048035,12-2017
Kolkata,295.6499939,294.8509521,12-2017
Mumbai,297.0961304,297.0961304,12-2017
Pune,297.0961304,297.0961304,12-2017
Ahmedabad,296.4596558,295.6128845,01-2018
Bangalore,297.8854675,296.0056458,01-2018
Bhopal,294.2766113,293.3201599,01-2018
Bhubaneswar,291.6080627,291.6080627,01-2018
Chennai,297.0298157,297.0298157,01-2018
Delhi,291.3056335,291.3056335,01-2018
Hyderabad,296.0177307,295.3241882,01-2018
Jaipur,292.1411133,292.1411133,01-2018
Kolkata,293.3322449,293.0733643,01-2018
Mumbai,297.8209534,297.8209534,01-2018
Pune,297.8209534,297.8209534,01-2018
Ahmedabad,298.43927,298.0107117,02-2018
Bangalore,299.0830383,297.8490906,02-2018
Bhopal,296.84375,296.2749939,02-2018
Bhubaneswar,295.6151733,295.6151733,02-2018
Chennai,298.2133789,298.2133789,02-2018
Delhi,293.7928467,293.7928467,02-2018
Hyderabad,298.6205139,298.1116028,02-2018
Jaipur,294.9365845,294.9365845,02-2018
Kolkata,298.2803345,297.2249756,02-2018
Mumbai,299.18927,299.18927,02-2018
Pune,299.18927,299.18927,02-2018
Ahmedabad,302.8217773,302.7951355,03-2018
Bangalore,301.7524109,300.8564453,03-2018
Bhopal,301.4378967,301.3894958,03-2018
Bhubaneswar,300.1572571,300.1572571,03-2018
Chennai,301.4129028,301.4129028,03-2018
Delhi,297.7628784,297.7628784,03-2018
Hyderabad,302.3733826,302.307251,03-2018
Jaipur,299.8443298,299.8443298,03-2018
Kolkata,302.7612915,301.5096741,03-2018
Mumbai,301.0999756,301.0999756,03-2018
Pune,301.0999756,301.0999756,03-2018
Ahmedabad,306.0091553,305.5149841,04-2018
Bangalore,304.6741638,302.4400024,04-2018
Bhopal,305.6158142,305.3608398,04-2018
Bhubaneswar,302.3416443,302.3416443,04-2018
Chennai,304.1474915,304.1474915,04-2018
Delhi,302.5333252,302.5333252,04-2018
Hyderabad,305.8125,305.519989,04-2018
Jaipur,304.6433105,304.6433105,04-2018
Kolkata,303.1908264,302.5466614,04-2018
Mumbai,302.125824,302.125824,04-2018
Pune,302.125824,302.125824,04-2018
Ahmedabad,308.2967529,308.2467651,05-2018
Bangalore,305.1104736,302.8145142,05-2018
Bhopal,308.6290283,307.6080627,05-2018
Bhubaneswar,304.7644958,304.7644958,05-2018
Chennai,305.0612793,305.0612793,05-2018
Delhi,307.2766113,307.2766113,05-2018
Hyderabad,307.829834,307.0354919,05-2018
Jaipur,308.1733704,308.1733704,05-2018
Kolkata,303.4709473,303.3467712,05-2018
Mumbai,303.3008118,303.3008118,05-2018
Pune,303.3008118,303.3008118,05-2018
Ahmedabad,307.0233154,306.0016479,06-2018
Bangalore,299.1499939,297.3233337,06-2018
Bhopal,306.7341614,305.0924988,06-2018
Bhubaneswar,303.1099854,303.1099854,06-2018
Chennai,304.1366577,304.1366577,06-2018
Delhi,310.2116699,310.2116699,06-2018
Hyderabad,302.4591675,300.4799805,06-2018
Jaipur,308.3741455,308.3741455,06-2018
Kolkata,303.7266541,303.019989,06-2018
Mumbai,300.6616516,300.6616516,06-2018
Pune,300.6616516,300.6616516,06-2018
Ahmedabad,305.5975647,303.1846619,07-2018
Bangalore,297.6306458,296.3669434,07-2018
Bhopal,301.1120911,300.9846802,07-2018
Bhubaneswar,298.4290161,298.4290161,07-2018
Chennai,302.5024109,302.5024109,07-2018
Delhi,308.4782104,308.4782104,07-2018
Hyderabad,298.0483704,297.4451599,07-2018
Jaipur,306.0959778,306.0959778,07-2018
Kolkata,302.0967712,300.5427246,07-2018
Mumbai,298.9298401,298.9298401,07-2018
Pune,298.9298401,298.9298401,07-2018
Ahmedabad,303.6871033,301.9854736,08-2018
Bangalore,296.9499817,295.6911316,08-2018
Bhopal,299.8346558,299.3040161,08-2018
Bhubaneswar,297.4040222,297.4040222,08-2018
Chennai,301.7596741,301.7596741,08-2018
Delhi,305.8806458,305.8806458,08-2018
Hyderabad,297.3604736,296.7604675,08-2018
Jaipur,303.932251,303.932251,08-2018
Kolkata,301.7999878,300.0556335,08-2018
Mumbai,298.1282043,298.1282043,08-2018
Pune,298.1282043,298.1282043,08-2018
Ahmedabad,303.2191467,301.8491516,09-2018
Bangalore,297.2408142,296.2774963,09-2018
Bhopal,298.9508362,297.9866638,09-2018
Bhubaneswar,297.0599976,297.0599976,09-2018
Chennai,301.105835,301.105835,09-2018
Delhi,302.958313,302.958313,09-2018
Hyderabad,297.4433289,296.9549866,09-2018
Jaipur,301.0058289,301.0058289,09-2018
Kolkata,301.3483276,299.8166504,09-2018
Mumbai,298.8308105,298.8308105,09-2018
Pune,298.8308105,298.8308105,09-2018
Ahmedabad,304.4596558,303.9266052,10-2018
Bangalore,297.9064331,297.4709473,10-2018
Bhopal,301.3161316,299.9080505,10-2018
Bhubaneswar,296.0257874,296.0257874,10-2018
Chennai,300.6669312,300.6669312,10-2018
Delhi,298.7411194,298.7411194,10-2018
Hyderabad,299.5523987,298.352417,10-2018
Jaipur,300.3427429,300.3427429,10-2018
Kolkata,299.1991882,298.5830688,10-2018
Mumbai,302.1782227,302.1782227,10-2018
Pune,302.1782227,302.1782227,10-2018
Ahmedabad,301.0216675,299.5849915,11-2018
Bangalore,298.2566528,296.520813,11-2018
Bhopal,298.0083313,297.3066406,11-2018
Bhubaneswar,295.144165,295.144165,11-2018
Chennai,299.1933289,299.1933289,11-2018
Delhi,296.039978,296.039978,11-2018
Hyderabad,298.1699829,297.3191528,11-2018
Jaipur,296.6875,296.6875,11-2018
Kolkata,297.6741638,297.2941589,11-2018
Mumbai,300.2833252,300.2833252,11-2018
Pune,300.2833252,300.2833252,11-2018
Ahmedabad,295.6120911,293.9854736,12-2018
Bangalore,297.7354736,295.9273987,12-2018
Bhopal,293.1669312,293.0999756,12-2018
Bhubaneswar,292.0491943,292.0491943,12-2018
Chennai,297.8878784,297.8878784,12-2018
Delhi,292.1459656,292.1459656,12-2018
Hyderabad,295.6983643,294.8983765,12-2018
Jaipur,292.0491943,292.0491943,12-2018
Kolkata,295.4677429,294.6483765,12-2018
Mumbai,296.4741821,296.4741821,12-2018
Pune,296.4741821,296.4741821,12-2018
Ahmedabad,294.7411194,293.4362793,01-2019
Bangalore,297.6725769,295.2169189,01-2019
Bhopal,292.6838684,292.4919128,01-2019
Bhubaneswar,292.2249756,292.2249756,01-2019
Chennai,296.4233704,296.4233704,01-2019
Delhi,290.6411133,290.6411133,01-2019
Hyderabad,294.9693298,294.4153137,01-2019
Jaipur,290.7741699,290.7741699,01-2019
Kolkata,295.7233887,294.7209473,01-2019
Mumbai,296.1701355,296.1701355,01-2019
Pune,296.1701355,296.1701355,01-2019
Ahmedabad,295.2705383,294.6821289,02-2019
Bangalore,300.0294495,299.1803589,02-2019
Bhopal,295.1178589,294.5294495,02-2019
Bhubaneswar,295.2669373,295.2669373,02-2019
Chennai,299.0776672,299.0776672,02-2019
Delhi,291.9892883,291.9892883,02-2019
Hyderabad,299.4348145,298.3794556,02-2019
Jaipur,292.3973083,292.3973083,02-2019
Kolkata,299.0062256,297.1919556,02-2019
Mumbai,298.1053467,298.1053467,02-2019
Pune,298.1053467,298.1053467,02-2019
Ahmedabad,299.8395081,299.3104858,03-2019
Bangalore,302.726593,301.1201477,03-2019
Bhopal,299.3161316,298.6782227,03-2019
Bhubaneswar,299.1096802,299.1096802,03-2019
Chennai,302.1403198,302.1403198,03-2019
Delhi,295.1838684,295.1838684,03-2019
Hyderabad,303.306427,302.2653198,03-2019
Jaipur,296.4064331,296.4064331,03-2019
Kolkata,301.7604675,300.5677185,03-2019
Mumbai,299.9822388,299.9822388,03-2019
Pune,299.9822388,299.9822388,03-2019
Ahmedabad,305.9733276,305.1483154,04-2019
Bangalore,305.8616638,303.7124939,04-2019
Bhopal,306.269165,305.4674988,04-2019
Bhubaneswar,303.8249817,303.8249817,04-2019
Chennai,304.4066467,304.4066467,04-2019
Delhi,302.6049805,302.6049805,04-2019
Hyderabad,306.7283325,306.664978,04-2019
Jaipur,305.1433105,305.1433105,04-2019
Kolkata,304.9841614,304.2158203,04-2019
Mumbai,302.8366699,302.8366699,04-2019
Pune,302.8366699,302.8366699,04-2019
Ahmedabad,306.9112854,306.9048462,05-2019
Bangalore,306.2185364,302.739502,05-2019
Bhopal,307.3201599,305.9588623,05-2019
Bhubaneswar,305.8959656,305.8959656,05-2019
Chennai,306.3314514,306.3314514,05-2019
Delhi,306.2120972,306.2120972,05-2019
Hyderabad,306.8233948,306.7282104,05-2019
Jaipur,306.808075,306.808075,05-2019
Kolkata,307.7241821,305.816925,05-2019
Mumbai,303.1685486,303.1685486,05-2019
Pune,303.1685486,303.1685486,05-2019
Ahmedabad,308.394989,308.0799866,06-2019
Bangalore,301.1333313,298.625824,06-2019
Bhopal,308.1666565,307.0083313,06-2019
Bhubaneswar,303.6941528,303.6941528,06-2019
Chennai,305.5574951,305.5574951,06-2019
Delhi,309.7891541,309.7891541,06-2019
Hyderabad,304.7200012,302.5025024,06-2019
Jaipur,309.3066711,309.3066711,06-2019
Kolkata,304.0566711,303.1949768,06-2019
Mumbai,301.9199829,301.9199829,06-2019
Pune,301.9199829,301.9199829,06-2019
Ahmedabad,305.5508118,303.2161255,07-2019
Bangalore,298.5338745,297.3507996,07-2019
Bhopal,302.6387024,301.6161194,07-2019
Bhubaneswar,297.9903259,297.9903259,07-2019
Chennai,302.7895203,302.7895203,07-2019
Delhi,307.9927368,307.9927368,07-2019
Hyderabad,298.7137146,298.5758057,07-2019
Jaipur,306.1669312,306.1669312,07-2019
Kolkata,302.0153198,300.4532166,07-2019
Mumbai,299.4854736,299.4854736,07-2019
Pune,299.4854736,299.4854736,07-2019
Ahmedabad,304.4354858,302.1677246,08-2019
Bangalore,297.4136963,296.8620911,08-2019
Bhopal,299.249176,298.5959473,08-2019
Bhubaneswar,297.6201477,297.6201477,08-2019
Chennai,301.3330688,301.3330688,08-2019
Delhi,303.8935547,303.8935547,08-2019
Hyderabad,297.977417,297.5233765,08-2019
Jaipur,301.8475647,301.8475647,08-2019
Kolkata,302.1903076,300.3153076,08-2019
Mumbai,298.6782227,298.6782227,08-2019
Pune,298.6782227,298.6782227,08-2019
Ahmedabad,306.145813,303.2024841,09-2019
Bangalore,297.3249817,297.1591492,09-2019
Bhopal,299.4891663,298.4541626,09-2019
Bhubaneswar,297.1016541,297.1016541,09-2019
Chennai,300.706665,300.706665,09-2019
Delhi,303.1124878,303.1124878,09-2019
Hyderabad,298.1233215,297.5799866,09-2019
Jaipur,301.3424988,301.3424988,09-2019
Kolkata,301.3224792,299.7008362,09-2019
Mumbai,298.9416504,298.9416504,09-2019
Pune,298.9416504,298.9416504,09-2019
Ahmedabad,305.6733704,303.5975647,10-2019
Bangalore,297.409668,296.8822327,10-2019
Bhopal,300.057251,298.6951599,10-2019
Bhubaneswar,296.0032043,296.0032043,10-2019
Chennai,300.3241882,300.3241882,10-2019
Delhi,298.7233887,298.7233887,10-2019
Hyderabad,297.3628845,297.0032043,10-2019
Jaipur,299.9112854,299.9112854,10-2019
Kolkata,299.8766174,298.8306274,10-2019
Mumbai,299.7612915,299.7612915,10-2019
Pune,299.7612915,299.7612915,10-2019
Ahmedabad,299.2533264,298.7491455,11-2019
Bangalore,297.9041443,296.7958069,11-2019
Bhopal,297.9308167,297.4099731,11-2019
Bhubaneswar,295.2608337,295.2608337,11-2019
Chennai,300.1974792,300.1974792,11-2019
Delhi,295.4591675,295.4591675,11-2019
Hyderabad,297.144165,296.9233093,11-2019
Jaipur,296.2049866,296.2049866,11-2019
Kolkata,298.5016479,297.6758118,11-2019
Mumbai,300.1799927,300.1799927,11-2019
Pune,300.1799927,300.1799927,11-2019
Ahmedabad,294.1838684,292.352417,12-2019
Bangalore,297.7822571,295.7161255,12-2019
Bhopal,291.7354736,291.3193359,12-2019
Bhubaneswar,291.6975708,291.6975708,12-2019
Chennai,298.2427368,298.2427368,12-2019
Delhi,291.4266052,291.4266052,12-2019
Hyderabad,295.6927185,295.1040344,12-2019
Jaipur,290.7233887,290.7233887,12-2019
Kolkata,295.0362854,294.4878845,12-2019
Mumbai,298.5604858,298.5604858,12-2019
Pune,298.5604858,298.5604858,12-2019
Ahmedabad,292.4983826,291.6104736,01-2020
Bangalore,298.6419373,297.431427,01-2020
Bhopal,291.2516174,290.7572632,01-2020
Bhubaneswar,291.0064392,291.0064392,01-2020
Chennai,298.3903198,298.3903198,01-2020
Delhi,289.6137085,289.6137085,01-2020
Hyderabad,297.0774231,295.0580444,01-2020
Jaipur,289.3209534,289.3209534,01-2020
Kolkata,294.4306335,293.4669189,01-2020
Mumbai,296.8274231,296.8274231,01-2020
Pune,296.8274231,296.8274231,01-2020
Ahmedabad,296.874115,295.7904968,02-2020
Bangalore,299.6448059,298.4534302,02-2020
Bhopal,294.8663635,294.2698059,02-2020
Bhubaneswar,293.0465393,293.0465393,02-2020
Chennai,298.8844604,298.8844604,02-2020
Delhi,292.860321,292.860321,02-2020
Hyderabad,297.9327393,296.5137939,02-2020
Jaipur,293.0758667,293.0758667,02-2020
Kolkata,296.4956665,295.7370605,02-2020
Mumbai,299.1370544,299.1370544,02-2020
Pune,299.1370544,299.1370544,02-2020
Ahmedabad,299.7935486,299.0596619,03-2020
Bangalore,301.6217651,301.5129089,03-2020
Bhopal,298.2185364,297.9024048,03-2020
Bhubaneswar,297.9733887,297.9733887,03-2020
Chennai,300.8604736,300.8604736,03-2020
Delhi,294.4499817,294.4499817,03-2020
Hyderabad,301.6338501,299.9959717,03-2020
Jaipur,295.7919312,295.7919312,03-2020
Kolkata,301.0056458,300.0709534,03-2020
Mumbai,299.7169189,299.7169189,03-2020
Pune,299.7169189,299.7169189,03-2020
Ahmedabad,306.2433167,306.0416565,04-2020
Bangalore,304.5899963,303.8616638,04-2020
Bhopal,304.4266663,303.7558289,04-2020
Bhubaneswar,301.4691467,301.4691467,04-2020
Chennai,303.4533081,303.4533081,04-2020
Delhi,300.1466675,300.1466675,04-2020
Hyderabad,305.8150024,305.5808105,04-2020
Jaipur,302.6300049,302.6300049,04-2020
Kolkata,302.8716431,302.1358337,04-2020
Mumbai,303.6833191,303.6833191,04-2020
Pune,303.6833191,303.6833191,04-2020
Ahmedabad,308.9628906,308.6943359,05-2020
Bangalore,306.034668,304.0725708,05-2020
Bhopal,307.6604614,307.5604858,05-2020
Bhubaneswar,303.3983765,303.3983765,05-2020
Chennai,305.8104858,305.8104858,05-2020
Delhi,306.3322449,306.3322449,05-2020
Hyderabad,307.9443359,307.8258057,05-2020
Jaipur,307.329834,307.329834,05-2020
Kolkata,303.0540161,301.7153015,05-2020
Mumbai,304.8201599,304.8201599,05-2020
Pune,304.8201599,304.8201599,05-2020
Ahmedabad,308.5025024,308.2258301,06-2020
Bangalore,299.9833374,297.7525024,06-2020
Bhopal,306.8533325,306.3933411,06-2020
Bhubaneswar,299.5958252,299.5958252,06-2020
Chennai,304.2491455,304.2491455,06-2020
Delhi,308.9924927,308.9924927,06-2020
Hyderabad,302.0558167,300.8824768,06-2020
Jaipur,308.9849854,308.9849854,06-2020
Kolkata,301.9666443,300.1608276,06-2020
Mumbai,301.293335,301.293335,06-2020
Pune,301.293335,301.293335,06-2020
Ahmedabad,307.1314392,304.6741943,07-2020
Bangalore,297.5862732,297.3040161,07-2020
Bhopal,301.7685547,301.3604736,07-2020
Bhubaneswar,297.9943542,297.9943542,07-2020
Chennai,301.0088501,301.0088501,07-2020
Delhi,306.8338623,306.8338623,07-2020
Hyderabad,299.1838684,298.2757874,07-2020
Jaipur,304.932251,304.932251,07-2020
Kolkata,301.8217773,300.1725769,07-2020
Mumbai,300.0540161,300.0540161,07-2020
Pune,300.0540161,300.0540161,07-2020
Ahmedabad,303.9854736,301.4927368,08-2020
Bangalore,297.0612793,296.3532104,08-2020
Bhopal,299.0758057,298.6120911,08-2020
Bhubaneswar,297.601593,297.601593,08-2020
Chennai,300.9870911,300.9870911,08-2020
Delhi,303.1782227,303.1782227,08-2020
Hyderabad,298.3056335,297.7798462,08-2020
Jaipur,300.6709595,300.6709595,08-2020
Kolkata,301.6830444,300.1725769,08-2020
Mumbai,299.2693481,299.2693481,08-2020
Pune,299.2693481,299.2693481,08-2020
Ahmedabad,306.0650024,304.6808167,09-2020
Bangalore,297.144989,297.0658264,09-2020
Bhopal,301.352478,299.5675049,09-2020
Bhubaneswar,297.7374878,297.7374878,09-2020
Chennai,300.6008301,300.6008301,09-2020
Delhi,300.9858398,300.9858398,09-2020
Hyderabad,298.5774841,297.7841492,09-2020
Jaipur,301.7774963,301.7774963,09-2020
Kolkata,301.3158264,300.168335,09-2020
Mumbai,299.9991455,299.9991455,09-2020
Pune,299.9991455,299.9991455,09-2020
Ahmedabad,305.2555542,305.0305481,10-2020
Bangalore,297.4444275,296.8027649,10-2020
Bhopal,302.6499939,300.4499817,10-2020
Bhubaneswar,296.8722229,296.8722229,10-2020
Chennai,301.1444397,301.1444397,10-2020
Delhi,299.3305359,299.3305359,10-2020
Hyderabad,298.6777649,297.7472229,10-2020
Jaipur,301.0971985,301.0971985,10-2020
Kolkata,300.5361023,299.8305359,10-2020
Mumbai,300.8444519,300.8444519,10-2020
Pune,300.8444519,300.8444519,10-2020
